# Made in Blockbench 5.1.6
mtllib fan.mtl

o chasis
v -1.25000125 0.9822325 0.5625
v 0 1.5 0.5625
v -0.5177675 0.24999875000000005 0.5625
v -1.25000125 2.0177675 0.5625
v 0.5177675 2.75000125 0.5625
v -0.5177675 2.75000125 0.5625
v 1.25000125 2.0177675 0.5625
v 1.25000125 0.9822325 0.5625
v 0.5177675 0.24999875000000005 0.5625
vt 0.835937265625 0.9339771875
vt 0.99218734375 0.998698359375
vt 0.99218734375 0.86925609375
vt 0.835937265625 0.933977578125
vt 0.9921875 0.998698359375
vt 0.9921875 0.869256875
vt 0.835937265625 0.9339771875
vt 0.99218734375 0.998698359375
vt 0.99218734375 0.86925609375
vt 0.835937265625 0.933977578125
vt 0.9921875 0.998698359375
vt 0.9921875 0.869256875
vt 0.835937265625 0.9339771875
vt 0.99218734375 0.998698359375
vt 0.99218734375 0.86925609375
vt 0.835937265625 0.933977578125
vt 0.9921875 0.998698359375
vt 0.9921875 0.869256875
vt 0.835937265625 0.9339771875
vt 0.99218734375 0.998698359375
vt 0.99218734375 0.86925609375
vt 0.835937265625 0.933977578125
vt 0.9921875 0.998698359375
vt 0.9921875 0.869256875
vn 0 0 1
vn 0 0 1
vn 0 0 1
vn 0 0 1
vn 0 0 1
vn 0 0 1
vn 0 0 1
vn 0 0 1
usemtl m_fb4282bc-10f8-24fc-5e12-044afee62972
f 2/1/1 3/2/1 9/3/1
f 2/4/2 9/5/2 8/6/2
f 2/7/3 8/8/3 7/9/3
f 2/10/4 7/11/4 5/12/4
f 2/13/5 5/14/5 6/15/5
f 2/16/6 6/17/6 4/18/6
f 2/19/7 4/20/7 1/21/7
f 2/22/8 1/23/8 3/24/8
o fannib
v 0 1.234835 0.5625
v 0.265165 1.5 0.5625
v 0.265165 1.5 1.0625
v 0 1.2348350000000001 1.0625
v -0.265165 1.5 0.5625
v -0.265165 1.5 1.0625
v 0 1.765165 0.5625
v 0 1.765165 1.0625
vt 1 0.78125
vt 0.953125 0.78125
vt 0.953125 0.71875
vt 1 0.71875
vt 0.953125 0.78125
vt 1 0.78125
vt 1 0.71875
vt 0.953125 0.71875
vt 1 0.78125
vt 0.953125 0.78125
vt 0.953125 0.71875
vt 1 0.71875
vt 0.953125 0.78125
vt 1 0.78125
vt 1 0.71875
vt 0.953125 0.71875
vt 0.507812578125 0.49218734374999995
vt 0.507812578125 0.539062421875
vt 0.4609375 0.539062421875
vt 0.4609375 0.49218734374999995
vn 0.7071067811865476 -0.7071067811865476 1.5700924586837752e-16
vn -0.7071067811865476 -0.7071067811865476 1.5700924586837752e-16
vn -0.7071067811865476 0.7071067811865476 -1.5700924586837752e-16
vn 0.7071067811865476 0.7071067811865476 -1.5700924586837752e-16
vn 0 2.220446049250313e-16 1
usemtl m_fb4282bc-10f8-24fc-5e12-044afee62972
f 10/25/9 11/26/9 12/27/9 13/28/9
f 14/29/10 10/30/10 13/31/10 15/32/10
f 16/33/11 14/34/11 15/35/11 17/36/11
f 11/37/12 16/38/12 17/39/12 12/40/12
f 13/41/13 12/42/13 17/43/13 15/44/13
o 0
v 1.1875 1.66126875 0.850624375
v 1.1875 1.68518625 0.792881875
v 1.1875 1.31481375 0.707118125
v 1.1875 1.33873125 0.649375625
v 0 1.66126875 0.850624375
v 0 1.68518625 0.792881875
v 0 1.31481375 0.707118125
v 0 1.33873125 0.649375625
vt 0.421875 0.4140625
vt 0.5703125 0.4140625
vt 0.5703125 0.421875
vt 0.421875 0.421875
vt 0.5703125 0.3828125
vt 0.5703125 0.390625
vt 0.421875 0.390625
vt 0.421875 0.3828125
vt 0.5703125 0.3828125
vt 0.5703125 0.421875
vt 0.421875 0.421875
vt 0.421875 0.3828125
vt 0.421875 0.421875
vt 0.5703125 0.421875
vt 0.5703125 0.3828125
vt 0.421875 0.3828125
vt 0.5703125 0.421875
vt 0.5625 0.421875
vt 0.5625 0.3828125
vt 0.5703125 0.3828125
vn 0 0.9238808144936852 0.3826803373711342
vn 0 -0.9238808144936852 -0.3826803373711342
vn 0 -0.38268318255406314 0.9238796359863625
vn 0 0.38268318255406314 -0.9238796359863625
vn 1 0 0
usemtl m_fb4282bc-10f8-24fc-5e12-044afee62972
f 22/45/14 18/46/14 19/47/14 23/48/14
f 21/49/15 20/50/15 24/51/15 25/52/15
f 20/53/16 18/54/16 22/55/16 24/56/16
f 23/57/17 19/58/17 21/59/17 25/60/17
f 19/61/18 18/62/18 20/63/18 21/64/18
o 1
v 1.0353920660739255 2.1034294732922234 0.850624375
v 1.0262392350803335 2.1255263620110623 0.792881875
v 1.1679746546339727 1.7833467898560258 0.707118125
v 1.1588218236403807 1.8054436785748644 0.649375625
v -0.06171487878322756 1.6489928973586796 0.850624375
v -0.0708677097768196 1.6710897860775182 0.792881875
v 0.0708677097768196 1.3289102139224818 0.707118125
v 0.06171487878322756 1.3510071026413204 0.649375625
vt 0.421875 0.4140625
vt 0.5703125 0.4140625
vt 0.5703125 0.421875
vt 0.421875 0.421875
vt 0.5703125 0.3828125
vt 0.5703125 0.390625
vt 0.421875 0.390625
vt 0.421875 0.3828125
vt 0.5703125 0.3828125
vt 0.5703125 0.421875
vt 0.421875 0.421875
vt 0.421875 0.3828125
vt 0.421875 0.421875
vt 0.5703125 0.421875
vt 0.5703125 0.3828125
vt 0.421875 0.3828125
vt 0.5703125 0.421875
vt 0.5625 0.421875
vt 0.5625 0.3828125
vt 0.5703125 0.3828125
vn -0.35355388118669817 0.8535545749905727 0.3826803373711342
vn 0.35355388118669817 -0.8535545749905727 -0.3826803373711342
vn 0.1464465138081851 -0.35355315979797924 0.9238796359863625
vn -0.1464465138081851 0.35355315979797924 -0.9238796359863625
vn 0.9238795325112867 0.3826834323650897 0
usemtl m_fb4282bc-10f8-24fc-5e12-044afee62972
f 30/65/19 26/66/19 27/67/19 31/68/19
f 29/69/20 28/70/20 32/71/20 33/72/20
f 28/73/21 26/74/21 30/75/21 32/76/21
f 31/77/22 27/78/22 29/79/22 33/80/22
f 27/81/23 26/82/23 28/83/23 29/84/23
o 2
v 0.725655075940547 2.4537235293775033 0.850624375
v 0.7087428495015178 2.4706357558165326 0.792881875
v 0.9706357558165324 2.208742849501518 0.707118125
v 0.9537235293775032 2.225655075940547 0.649375625
v -0.11403422671847803 1.614034226718478 0.850624375
v -0.1309464531575073 1.6309464531575073 0.792881875
v 0.1309464531575073 1.3690535468424927 0.707118125
v 0.11403422671847803 1.385965773281522 0.649375625
vt 0.421875 0.4140625
vt 0.5703125 0.4140625
vt 0.5703125 0.421875
vt 0.421875 0.421875
vt 0.5703125 0.3828125
vt 0.5703125 0.390625
vt 0.421875 0.390625
vt 0.421875 0.3828125
vt 0.5703125 0.3828125
vt 0.5703125 0.421875
vt 0.421875 0.421875
vt 0.421875 0.3828125
vt 0.421875 0.421875
vt 0.5703125 0.421875
vt 0.5703125 0.3828125
vt 0.421875 0.3828125
vt 0.5703125 0.421875
vt 0.5625 0.421875
vt 0.5625 0.3828125
vt 0.5703125 0.3828125
vn -0.6532823889366356 0.6532823889366355 0.3826803373711342
vn 0.6532823889366356 -0.6532823889366355 -0.3826803373711342
vn 0.27059787343002756 -0.2705978734300275 0.9238796359863625
vn -0.27059787343002756 0.2705978734300275 -0.9238796359863625
vn 0.7071067811865475 0.7071067811865476 0
usemtl m_fb4282bc-10f8-24fc-5e12-044afee62972
f 38/85/24 34/86/24 35/87/24 39/88/24
f 37/89/25 36/90/25 40/91/25 41/92/25
f 36/93/26 34/94/26 38/95/26 40/96/26
f 39/97/27 35/98/27 37/99/27 41/100/27
f 35/101/28 34/102/28 36/103/28 37/104/28
o 3
v 0.30544367857486465 2.6588218236403804 0.850624375
v 0.2833467898560259 2.6679746546339724 0.792881875
v 0.6255263620110625 2.5262392350803333 0.707118125
v 0.6034294732922237 2.5353920660739253 0.649375625
v -0.14899289735867954 1.5617148787832276 0.850624375
v -0.17108978607751826 1.5708677097768196 0.792881875
v 0.17108978607751826 1.4291322902231804 0.707118125
v 0.14899289735867954 1.4382851212167724 0.649375625
vt 0.421875 0.4140625
vt 0.5703125 0.4140625
vt 0.5703125 0.421875
vt 0.421875 0.421875
vt 0.5703125 0.3828125
vt 0.5703125 0.390625
vt 0.421875 0.390625
vt 0.421875 0.3828125
vt 0.5703125 0.3828125
vt 0.5703125 0.421875
vt 0.421875 0.421875
vt 0.421875 0.3828125
vt 0.421875 0.421875
vt 0.5703125 0.421875
vt 0.5703125 0.3828125
vt 0.421875 0.3828125
vt 0.5703125 0.421875
vt 0.5625 0.421875
vt 0.5625 0.3828125
vt 0.5703125 0.3828125
vn -0.8535545749905726 0.35355388118669834 0.3826803373711341
vn 0.8535545749905726 -0.35355388118669834 -0.3826803373711341
vn 0.3535531597979793 -0.14644651380818519 0.9238796359863625
vn -0.3535531597979793 0.14644651380818519 -0.9238796359863625
vn 0.38268343236508984 0.9238795325112866 0
usemtl m_fb4282bc-10f8-24fc-5e12-044afee62972
f 46/105/29 42/106/29 43/107/29 47/108/29
f 45/109/30 44/110/30 48/111/30 49/112/30
f 44/113/31 42/114/31 46/115/31 48/116/31
f 47/117/32 43/118/32 45/119/32 49/120/32
f 43/121/33 42/122/33 44/123/33 45/124/33
o 4
v -0.16126874999999974 2.6875 0.850624375
v -0.18518624999999972 2.6875 0.792881875
v 0.18518625000000027 2.6875 0.707118125
v 0.16126875000000024 2.6875 0.649375625
v -0.16126875 1.5 0.850624375
v -0.18518625 1.5 0.792881875
v 0.18518625 1.5 0.707118125
v 0.16126875 1.5 0.649375625
vt 0.421875 0.4140625
vt 0.5703125 0.4140625
vt 0.5703125 0.421875
vt 0.421875 0.421875
vt 0.5703125 0.3828125
vt 0.5703125 0.390625
vt 0.421875 0.390625
vt 0.421875 0.3828125
vt 0.5703125 0.3828125
vt 0.5703125 0.421875
vt 0.421875 0.421875
vt 0.421875 0.3828125
vt 0.421875 0.421875
vt 0.5703125 0.421875
vt 0.5703125 0.3828125
vt 0.421875 0.3828125
vt 0.5703125 0.421875
vt 0.5625 0.421875
vt 0.5625 0.3828125
vt 0.5703125 0.3828125
vn -0.9238808144936852 2.0514275045206647e-16 0.3826803373711342
vn 0.9238808144936852 -2.0514275045206647e-16 -0.3826803373711342
vn 0.38268318255406314 -8.497273608167058e-17 0.9238796359863625
vn -0.38268318255406314 8.497273608167058e-17 -0.9238796359863625
vn 2.220446049250313e-16 1 0
usemtl m_fb4282bc-10f8-24fc-5e12-044afee62972
f 54/125/34 50/126/34 51/127/34 55/128/34
f 53/129/35 52/130/35 56/131/35 57/132/35
f 52/133/36 50/134/36 54/135/36 56/136/36
f 55/137/37 51/138/37 53/139/37 57/140/37
f 51/141/38 50/142/38 52/143/38 53/144/38
o 7
v -1.1588218236403807 1.8054436785748647 0.850624375
v -1.1679746546339727 1.783346789856026 0.792881875
v -1.0262392350803335 2.1255263620110627 0.707118125
v -1.0353920660739255 2.103429473292224 0.649375625
v -0.06171487878322759 1.3510071026413204 0.850624375
v -0.07086770977681962 1.3289102139224818 0.792881875
v 0.07086770977681962 1.6710897860775182 0.707118125
v 0.06171487878322759 1.6489928973586796 0.649375625
vt 0.421875 0.4140625
vt 0.5703125 0.4140625
vt 0.5703125 0.421875
vt 0.421875 0.421875
vt 0.5703125 0.3828125
vt 0.5703125 0.390625
vt 0.421875 0.390625
vt 0.421875 0.3828125
vt 0.5703125 0.3828125
vt 0.5703125 0.421875
vt 0.421875 0.421875
vt 0.421875 0.3828125
vt 0.421875 0.421875
vt 0.5703125 0.421875
vt 0.5703125 0.3828125
vt 0.421875 0.3828125
vt 0.5703125 0.421875
vt 0.5625 0.421875
vt 0.5625 0.3828125
vt 0.5703125 0.3828125
vn -0.3535538811866983 -0.8535545749905725 0.3826803373711341
vn 0.3535538811866983 0.8535545749905725 -0.3826803373711341
vn 0.14644651380818516 0.35355315979797924 0.9238796359863625
vn -0.14644651380818516 -0.35355315979797924 -0.9238796359863625
vn -0.9238795325112867 0.3826834323650899 0
usemtl m_fb4282bc-10f8-24fc-5e12-044afee62972
f 62/145/39 58/146/39 59/147/39 63/148/39
f 61/149/40 60/150/40 64/151/40 65/152/40
f 60/153/41 58/154/41 62/155/41 64/156/41
f 63/157/42 59/158/42 61/159/42 65/160/42
f 59/161/43 58/162/43 60/163/43 61/164/43
o 6
v -0.9537235293775032 2.2256550759405473 0.850624375
v -0.9706357558165324 2.208742849501518 0.792881875
v -0.7087428495015178 2.4706357558165326 0.707118125
v -0.725655075940547 2.4537235293775037 0.649375625
v -0.11403422671847806 1.385965773281522 0.850624375
v -0.1309464531575073 1.3690535468424927 0.792881875
v 0.1309464531575073 1.6309464531575073 0.707118125
v 0.11403422671847806 1.614034226718478 0.649375625
vt 0.421875 0.4140625
vt 0.5703125 0.4140625
vt 0.5703125 0.421875
vt 0.421875 0.421875
vt 0.5703125 0.3828125
vt 0.5703125 0.390625
vt 0.421875 0.390625
vt 0.421875 0.3828125
vt 0.5703125 0.3828125
vt 0.5703125 0.421875
vt 0.421875 0.421875
vt 0.421875 0.3828125
vt 0.421875 0.421875
vt 0.5703125 0.421875
vt 0.5703125 0.3828125
vt 0.421875 0.3828125
vt 0.5703125 0.421875
vt 0.5625 0.421875
vt 0.5625 0.3828125
vt 0.5703125 0.3828125
vn -0.6532823889366356 -0.6532823889366354 0.3826803373711341
vn 0.6532823889366356 0.6532823889366354 -0.3826803373711341
vn 0.2705978734300276 0.2705978734300275 0.9238796359863625
vn -0.2705978734300276 -0.2705978734300275 -0.9238796359863625
vn -0.7071067811865475 0.7071067811865477 0
usemtl m_fb4282bc-10f8-24fc-5e12-044afee62972
f 70/165/44 66/166/44 67/167/44 71/168/44
f 69/169/45 68/170/45 72/171/45 73/172/45
f 68/173/46 66/174/46 70/175/46 72/176/46
f 71/177/47 67/178/47 69/179/47 73/180/47
f 67/181/48 66/182/48 68/183/48 69/184/48
o 5
v -0.6034294732922237 2.5353920660739258 0.850624375
v -0.6255263620110625 2.5262392350803333 0.792881875
v -0.2833467898560259 2.667974654633973 0.707118125
v -0.30544367857486465 2.6588218236403804 0.649375625
v -0.14899289735867957 1.4382851212167724 0.850624375
v -0.1710897860775183 1.4291322902231804 0.792881875
v 0.1710897860775183 1.5708677097768196 0.707118125
v 0.14899289735867957 1.5617148787832276 0.649375625
vt 0.421875 0.4140625
vt 0.5703125 0.4140625
vt 0.5703125 0.421875
vt 0.421875 0.421875
vt 0.5703125 0.3828125
vt 0.5703125 0.390625
vt 0.421875 0.390625
vt 0.421875 0.3828125
vt 0.5703125 0.3828125
vt 0.5703125 0.421875
vt 0.421875 0.421875
vt 0.421875 0.3828125
vt 0.421875 0.421875
vt 0.5703125 0.421875
vt 0.5703125 0.3828125
vt 0.421875 0.3828125
vt 0.5703125 0.421875
vt 0.5625 0.421875
vt 0.5625 0.3828125
vt 0.5703125 0.3828125
vn -0.8535545749905726 -0.35355388118669817 0.3826803373711342
vn 0.8535545749905726 0.35355388118669817 -0.3826803373711342
vn 0.3535531597979792 0.1464465138081851 0.9238796359863625
vn -0.3535531597979792 -0.1464465138081851 -0.9238796359863625
vn -0.38268343236508984 0.9238795325112868 0
usemtl m_fb4282bc-10f8-24fc-5e12-044afee62972
f 78/185/49 74/186/49 75/187/49 79/188/49
f 77/189/50 76/190/50 80/191/50 81/192/50
f 76/193/51 74/194/51 78/195/51 80/196/51
f 79/197/52 75/198/52 77/199/52 81/200/52
f 75/201/53 74/202/53 76/203/53 77/204/53
o 8
v -1.1875 1.3387312500000002 0.850624375
v -1.1875 1.3148137500000001 0.792881875
v -1.1875 1.68518625 0.707118125
v -1.1875 1.66126875 0.649375625
v -1.974972584899947e-17 1.33873125 0.850624375
v -2.2678774830860153e-17 1.31481375 0.792881875
v 2.2678774830860153e-17 1.68518625 0.707118125
v 1.974972584899947e-17 1.66126875 0.649375625
vt 0.421875 0.4140625
vt 0.5703125 0.4140625
vt 0.5703125 0.421875
vt 0.421875 0.421875
vt 0.5703125 0.3828125
vt 0.5703125 0.390625
vt 0.421875 0.390625
vt 0.421875 0.3828125
vt 0.5703125 0.3828125
vt 0.5703125 0.421875
vt 0.421875 0.421875
vt 0.421875 0.3828125
vt 0.421875 0.421875
vt 0.5703125 0.421875
vt 0.5703125 0.3828125
vt 0.421875 0.3828125
vt 0.5703125 0.421875
vt 0.5625 0.421875
vt 0.5625 0.3828125
vt 0.5703125 0.3828125
vn -1.131427682263341e-16 -0.9238808144936852 0.3826803373711342
vn 1.131427682263341e-16 0.9238808144936852 -0.3826803373711342
vn 4.686517346023557e-17 0.38268318255406314 0.9238796359863625
vn -4.686517346023557e-17 -0.38268318255406314 -0.9238796359863625
vn -1 1.2246467991473532e-16 0
usemtl m_fb4282bc-10f8-24fc-5e12-044afee62972
f 86/205/54 82/206/54 83/207/54 87/208/54
f 85/209/55 84/210/55 88/211/55 89/212/55
f 84/213/56 82/214/56 86/215/56 88/216/56
f 87/217/57 83/218/57 85/219/57 89/220/57
f 83/221/58 82/222/58 84/223/58 85/224/58
o 13
v 0.6034294732922237 0.4646079339260747 0.850624375
v 0.6255263620110625 0.4737607649196667 0.792881875
v 0.2833467898560259 0.33202534536602757 0.707118125
v 0.30544367857486465 0.34117817635961956 0.649375625
v 0.14899289735867954 1.5617148787832276 0.850624375
v 0.17108978607751826 1.5708677097768196 0.792881875
v -0.17108978607751826 1.4291322902231804 0.707118125
v -0.14899289735867954 1.4382851212167724 0.649375625
vt 0.421875 0.4140625
vt 0.5703125 0.4140625
vt 0.5703125 0.421875
vt 0.421875 0.421875
vt 0.5703125 0.3828125
vt 0.5703125 0.390625
vt 0.421875 0.390625
vt 0.421875 0.3828125
vt 0.5703125 0.3828125
vt 0.5703125 0.421875
vt 0.421875 0.421875
vt 0.421875 0.3828125
vt 0.421875 0.421875
vt 0.5703125 0.421875
vt 0.5703125 0.3828125
vt 0.421875 0.3828125
vt 0.5703125 0.421875
vt 0.5625 0.421875
vt 0.5625 0.3828125
vt 0.5703125 0.3828125
vn 0.8535545749905726 0.35355388118669834 0.3826803373711341
vn -0.8535545749905726 -0.35355388118669834 -0.3826803373711341
vn -0.3535531597979793 -0.14644651380818519 0.9238796359863625
vn 0.3535531597979793 0.14644651380818519 -0.9238796359863625
vn 0.38268343236508984 -0.9238795325112866 0
usemtl m_fb4282bc-10f8-24fc-5e12-044afee62972
f 94/225/59 90/226/59 91/227/59 95/228/59
f 93/229/60 92/230/60 96/231/60 97/232/60
f 92/233/61 90/234/61 94/235/61 96/236/61
f 95/237/62 91/238/62 93/239/62 97/240/62
f 91/241/63 90/242/63 92/243/63 93/244/63
o 14
v 0.9537235293775032 0.7743449240594529 0.850624375
v 0.9706357558165324 0.7912571504984821 0.792881875
v 0.7087428495015178 0.5293642441834675 0.707118125
v 0.725655075940547 0.5462764706224967 0.649375625
v 0.11403422671847803 1.614034226718478 0.850624375
v 0.1309464531575073 1.6309464531575073 0.792881875
v -0.1309464531575073 1.3690535468424927 0.707118125
v -0.11403422671847803 1.385965773281522 0.649375625
vt 0.421875 0.4140625
vt 0.5703125 0.4140625
vt 0.5703125 0.421875
vt 0.421875 0.421875
vt 0.5703125 0.3828125
vt 0.5703125 0.390625
vt 0.421875 0.390625
vt 0.421875 0.3828125
vt 0.5703125 0.3828125
vt 0.5703125 0.421875
vt 0.421875 0.421875
vt 0.421875 0.3828125
vt 0.421875 0.421875
vt 0.5703125 0.421875
vt 0.5703125 0.3828125
vt 0.421875 0.3828125
vt 0.5703125 0.421875
vt 0.5625 0.421875
vt 0.5625 0.3828125
vt 0.5703125 0.3828125
vn 0.6532823889366356 0.6532823889366355 0.3826803373711342
vn -0.6532823889366356 -0.6532823889366355 -0.3826803373711342
vn -0.27059787343002756 -0.2705978734300275 0.9238796359863625
vn 0.27059787343002756 0.2705978734300275 -0.9238796359863625
vn 0.7071067811865475 -0.7071067811865476 0
usemtl m_fb4282bc-10f8-24fc-5e12-044afee62972
f 102/245/64 98/246/64 99/247/64 103/248/64
f 101/249/65 100/250/65 104/251/65 105/252/65
f 100/253/66 98/254/66 102/255/66 104/256/66
f 103/257/67 99/258/67 101/259/67 105/260/67
f 99/261/68 98/262/68 100/263/68 101/264/68
o 15
v 1.1588218236403807 1.1945563214251356 0.850624375
v 1.1679746546339727 1.2166532101439742 0.792881875
v 1.0262392350803335 0.8744736379889377 0.707118125
v 1.0353920660739255 0.8965705267077764 0.649375625
v 0.06171487878322756 1.6489928973586796 0.850624375
v 0.0708677097768196 1.6710897860775182 0.792881875
v -0.0708677097768196 1.3289102139224818 0.707118125
v -0.06171487878322756 1.3510071026413204 0.649375625
vt 0.421875 0.4140625
vt 0.5703125 0.4140625
vt 0.5703125 0.421875
vt 0.421875 0.421875
vt 0.5703125 0.3828125
vt 0.5703125 0.390625
vt 0.421875 0.390625
vt 0.421875 0.3828125
vt 0.5703125 0.3828125
vt 0.5703125 0.421875
vt 0.421875 0.421875
vt 0.421875 0.3828125
vt 0.421875 0.421875
vt 0.5703125 0.421875
vt 0.5703125 0.3828125
vt 0.421875 0.3828125
vt 0.5703125 0.421875
vt 0.5625 0.421875
vt 0.5625 0.3828125
vt 0.5703125 0.3828125
vn 0.35355388118669817 0.8535545749905727 0.3826803373711342
vn -0.35355388118669817 -0.8535545749905727 -0.3826803373711342
vn -0.1464465138081851 -0.35355315979797924 0.9238796359863625
vn 0.1464465138081851 0.35355315979797924 -0.9238796359863625
vn 0.9238795325112867 -0.3826834323650897 0
usemtl m_fb4282bc-10f8-24fc-5e12-044afee62972
f 110/265/69 106/266/69 107/267/69 111/268/69
f 109/269/70 108/270/70 112/271/70 113/272/70
f 108/273/71 106/274/71 110/275/71 112/276/71
f 111/277/72 107/278/72 109/279/72 113/280/72
f 107/281/73 106/282/73 108/283/73 109/284/73
o 12
v 0.16126875000000024 0.3125 0.850624375
v 0.18518625000000027 0.3125 0.792881875
v -0.18518624999999972 0.3125 0.707118125
v -0.16126874999999974 0.3125 0.649375625
v 0.16126875 1.5 0.850624375
v 0.18518625 1.5 0.792881875
v -0.18518625 1.5 0.707118125
v -0.16126875 1.5 0.649375625
vt 0.421875 0.4140625
vt 0.5703125 0.4140625
vt 0.5703125 0.421875
vt 0.421875 0.421875
vt 0.5703125 0.3828125
vt 0.5703125 0.390625
vt 0.421875 0.390625
vt 0.421875 0.3828125
vt 0.5703125 0.3828125
vt 0.5703125 0.421875
vt 0.421875 0.421875
vt 0.421875 0.3828125
vt 0.421875 0.421875
vt 0.5703125 0.421875
vt 0.5703125 0.3828125
vt 0.421875 0.3828125
vt 0.5703125 0.421875
vt 0.5625 0.421875
vt 0.5625 0.3828125
vt 0.5703125 0.3828125
vn 0.9238808144936852 2.0514275045206647e-16 0.3826803373711342
vn -0.9238808144936852 -2.0514275045206647e-16 -0.3826803373711342
vn -0.38268318255406314 -8.497273608167058e-17 0.9238796359863625
vn 0.38268318255406314 8.497273608167058e-17 -0.9238796359863625
vn 2.220446049250313e-16 -1 0
usemtl m_fb4282bc-10f8-24fc-5e12-044afee62972
f 118/285/74 114/286/74 115/287/74 119/288/74
f 117/289/75 116/290/75 120/291/75 121/292/75
f 116/293/76 114/294/76 118/295/76 120/296/76
f 119/297/77 115/298/77 117/299/77 121/300/77
f 115/301/78 114/302/78 116/303/78 117/304/78
o 11
v -0.30544367857486465 0.34117817635961933 0.850624375
v -0.2833467898560259 0.33202534536602735 0.792881875
v -0.6255263620110625 0.47376076491966645 0.707118125
v -0.6034294732922237 0.46460793392607447 0.649375625
v 0.14899289735867957 1.4382851212167724 0.850624375
v 0.1710897860775183 1.4291322902231804 0.792881875
v -0.1710897860775183 1.5708677097768196 0.707118125
v -0.14899289735867957 1.5617148787832276 0.649375625
vt 0.421875 0.4140625
vt 0.5703125 0.4140625
vt 0.5703125 0.421875
vt 0.421875 0.421875
vt 0.5703125 0.3828125
vt 0.5703125 0.390625
vt 0.421875 0.390625
vt 0.421875 0.3828125
vt 0.5703125 0.3828125
vt 0.5703125 0.421875
vt 0.421875 0.421875
vt 0.421875 0.3828125
vt 0.421875 0.421875
vt 0.5703125 0.421875
vt 0.5703125 0.3828125
vt 0.421875 0.3828125
vt 0.5703125 0.421875
vt 0.5625 0.421875
vt 0.5625 0.3828125
vt 0.5703125 0.3828125
vn 0.8535545749905726 -0.35355388118669817 0.3826803373711342
vn -0.8535545749905726 0.35355388118669817 -0.3826803373711342
vn -0.3535531597979792 0.1464465138081851 0.9238796359863625
vn 0.3535531597979792 -0.1464465138081851 -0.9238796359863625
vn -0.38268343236508984 -0.9238795325112868 0
usemtl m_fb4282bc-10f8-24fc-5e12-044afee62972
f 126/305/79 122/306/79 123/307/79 127/308/79
f 125/309/80 124/310/80 128/311/80 129/312/80
f 124/313/81 122/314/81 126/315/81 128/316/81
f 127/317/82 123/318/82 125/319/82 129/320/82
f 123/321/83 122/322/83 124/323/83 125/324/83
o 10
v -0.725655075940547 0.5462764706224965 0.850624375
v -0.7087428495015178 0.5293642441834673 0.792881875
v -0.9706357558165324 0.7912571504984819 0.707118125
v -0.9537235293775032 0.7743449240594527 0.649375625
v 0.11403422671847806 1.385965773281522 0.850624375
v 0.1309464531575073 1.3690535468424927 0.792881875
v -0.1309464531575073 1.6309464531575073 0.707118125
v -0.11403422671847806 1.614034226718478 0.649375625
vt 0.421875 0.4140625
vt 0.5703125 0.4140625
vt 0.5703125 0.421875
vt 0.421875 0.421875
vt 0.5703125 0.3828125
vt 0.5703125 0.390625
vt 0.421875 0.390625
vt 0.421875 0.3828125
vt 0.5703125 0.3828125
vt 0.5703125 0.421875
vt 0.421875 0.421875
vt 0.421875 0.3828125
vt 0.421875 0.421875
vt 0.5703125 0.421875
vt 0.5703125 0.3828125
vt 0.421875 0.3828125
vt 0.5703125 0.421875
vt 0.5625 0.421875
vt 0.5625 0.3828125
vt 0.5703125 0.3828125
vn 0.6532823889366356 -0.6532823889366354 0.3826803373711341
vn -0.6532823889366356 0.6532823889366354 -0.3826803373711341
vn -0.2705978734300276 0.2705978734300275 0.9238796359863625
vn 0.2705978734300276 -0.2705978734300275 -0.9238796359863625
vn -0.7071067811865475 -0.7071067811865477 0
usemtl m_fb4282bc-10f8-24fc-5e12-044afee62972
f 134/325/84 130/326/84 131/327/84 135/328/84
f 133/329/85 132/330/85 136/331/85 137/332/85
f 132/333/86 130/334/86 134/335/86 136/336/86
f 135/337/87 131/338/87 133/339/87 137/340/87
f 131/341/88 130/342/88 132/343/88 133/344/88
o 9
v -1.0353920660739255 0.8965705267077761 0.850624375
v -1.0262392350803335 0.8744736379889375 0.792881875
v -1.1679746546339727 1.216653210143974 0.707118125
v -1.1588218236403807 1.1945563214251353 0.649375625
v 0.06171487878322759 1.3510071026413204 0.850624375
v 0.07086770977681962 1.3289102139224818 0.792881875
v -0.07086770977681962 1.6710897860775182 0.707118125
v -0.06171487878322759 1.6489928973586796 0.649375625
vt 0.421875 0.4140625
vt 0.5703125 0.4140625
vt 0.5703125 0.421875
vt 0.421875 0.421875
vt 0.5703125 0.3828125
vt 0.5703125 0.390625
vt 0.421875 0.390625
vt 0.421875 0.3828125
vt 0.5703125 0.3828125
vt 0.5703125 0.421875
vt 0.421875 0.421875
vt 0.421875 0.3828125
vt 0.421875 0.421875
vt 0.5703125 0.421875
vt 0.5703125 0.3828125
vt 0.421875 0.3828125
vt 0.5703125 0.421875
vt 0.5625 0.421875
vt 0.5625 0.3828125
vt 0.5703125 0.3828125
vn 0.3535538811866983 -0.8535545749905725 0.3826803373711341
vn -0.3535538811866983 0.8535545749905725 -0.3826803373711341
vn -0.14644651380818516 0.35355315979797924 0.9238796359863625
vn 0.14644651380818516 -0.35355315979797924 -0.9238796359863625
vn -0.9238795325112867 -0.3826834323650899 0
usemtl m_fb4282bc-10f8-24fc-5e12-044afee62972
f 142/345/89 138/346/89 139/347/89 143/348/89
f 141/349/90 140/350/90 144/351/90 145/352/90
f 140/353/91 138/354/91 142/355/91 144/356/91
f 143/357/92 139/358/92 141/359/92 145/360/92
f 139/361/93 138/362/93 140/363/93 141/364/93
o jet_casing
v 0.75 1.8106599999999995 -2.75
v 0.75 1.8106599999999997 -2
v 0.75 1.1893399999999998 -2
v 0.75 1.1893399999999996 -2.75
v 0.31066 0.7499999999999998 -1.9999999999999998
v -0.31066 0.7499999999999998 -1.9999999999999998
v -0.75 1.1893399999999998 -2
v -0.75 1.8106599999999997 -2
v -0.75 1.8106599999999995 -2.75
v -0.31066 2.2499999999999996 -2.75
v -0.31066 2.25 -2
v 0.31066 2.2499999999999996 -2.75
v 0.31066 2.25 -2
v 0.31066 0.7499999999999997 -2.75
v -0.31066 0.7499999999999997 -2.75
v -0.75 1.1893399999999996 -2.75
v -0.284771875 2.1874999999999996 -2.75
v 0.284771875 2.1874999999999996 -2.75
v 0.6875 1.7847718749999997 -2.75
v 0.6875 1.2152281249999997 -2.75
v 0.284771875 0.8124999999999997 -2.75
v -0.284771875 0.8124999999999997 -2.75
v -0.6875 1.2152281249999997 -2.75
v -0.6875 1.7847718749999997 -2.75
v -0.284771875 2.1875 -2
v 0.284771875 2.1875 -2
v 0.6875 1.7847718749999997 -2
v 0.6875 1.2152281249999999 -2
v 0.284771875 0.8124999999999998 -2
v -0.284771875 0.8124999999999998 -2
v -0.6875 1.2152281249999999 -2
v -0.6875 1.7847718749999997 -2
v -0.258883125 0.8749999999999998 -1.875
v -0.258883125 0.8749999999999999 -1.75
v -0.625 1.241116875 -1.875
v -0.625 1.241116875 -1.75
v 0.258883125 0.8749999999999998 -1.875
v 0.258883125 0.8749999999999999 -1.75
v 0.625 1.241116875 -1.875
v 0.625 1.241116875 -1.75
v 0.625 1.7588831249999999 -1.875
v 0.625 1.7588831249999999 -1.75
v 0.258883125 2.125 -1.875
v 0.258883125 2.125 -1.75
v -0.258883125 2.125 -1.875
v -0.258883125 2.125 -1.75
v -0.625 1.7588831249999999 -1.875
v -0.625 1.7588831249999999 -1.75
v -0.284771875 2.1875 -1.75
v 0.284771875 2.1875 -1.75
v 0.6875 1.784771875 -1.75
v 0.6875 1.2152281249999999 -1.75
v 0.284771875 0.8124999999999999 -1.75
v -0.284771875 0.8124999999999999 -1.75
v -0.6875 1.2152281249999999 -1.75
v -0.6875 1.784771875 -1.75
v -0.6875 1.7847718749999995 -3.5625
v -0.284771875 2.1874999999999996 -3.5625
v 0.284771875 2.1874999999999996 -3.5625
v 0.6875 1.7847718749999995 -3.5625
v 0.6875 1.2152281249999994 -3.5625
v 0.284771875 0.8124999999999994 -3.5625
v -0.284771875 0.8124999999999994 -3.5625
v -0.6875 1.2152281249999994 -3.5625
v 0.207106875 1.9999999999999996 -3.5625
v -0.207106875 1.9999999999999996 -3.5625
v -0.5 1.7071068749999994 -3.5625
v -0.207106875 0.9999999999999994 -3.5625
v -0.5 1.2928931249999995 -3.5625
v 0.207106875 0.9999999999999994 -3.5625
v 0.5 1.2928931249999995 -3.5625
v 0.5 1.7071068749999994 -3.5625
v 0.25 1.7499999999999996 -3.1875
v 0.25 1.2499999999999996 -3.1875
v 0.25 1.2499999999999993 -4
v 0.25 1.7499999999999993 -4
v -0.25 1.7499999999999996 -3.1875
v -0.25 1.7499999999999993 -4
v -0.25 1.2499999999999996 -3.1875
v -0.25 1.2499999999999993 -4
v -0.207106875 0.9999999999999996 -3.1875
v 0.207106875 0.9999999999999996 -3.1875
v -0.5 1.7071068749999996 -3.1875
v -0.5 1.2928931249999995 -3.1875
v 0.207106875 1.9999999999999996 -3.1875
v -0.207106875 1.9999999999999996 -3.1875
v 0.5 1.2928931249999995 -3.1875
v 0.5 1.7071068749999996 -3.1875
v 0.1875 1.6874999999999993 -4
v 0.1875 1.3124999999999993 -4
v 0.1875 1.3124999999999991 -4.5
v 0.1875 1.6874999999999991 -4.5
v -0.1875 1.6874999999999993 -4
v -0.1875 1.6874999999999991 -4.5
v -0.1875 1.3124999999999993 -4
v -0.1875 1.3124999999999991 -4.5
vt 0.625230078125 0.617187421875
vt 0.702894921875 0.617187421875
vt 0.702894921875 0.710937421875
vt 0.625230078125 0.710937421875
vt 0.625230078125 0.617187421875
vt 0.702894921875 0.617187421875
vt 0.702894921875 0.710937421875
vt 0.625230078125 0.710937421875
vt 0.625230078125 0.617187421875
vt 0.702894921875 0.617187421875
vt 0.702894921875 0.710937421875
vt 0.625230078125 0.710937421875
vt 0.625230078125 0.617187421875
vt 0.702894921875 0.617187421875
vt 0.702894921875 0.710937421875
vt 0.625230078125 0.710937421875
vt 0.625230078125 0.617187421875
vt 0.702894921875 0.617187421875
vt 0.702894921875 0.710937421875
vt 0.625230078125 0.710937421875
vt 0.625230078125 0.617187421875
vt 0.702894921875 0.617187421875
vt 0.702894921875 0.710937421875
vt 0.625230078125 0.710937421875
vt 0.625230078125 0.617187421875
vt 0.702894921875 0.617187421875
vt 0.702894921875 0.710937421875
vt 0.625230078125 0.710937421875
vt 0.625230078125 0.617187421875
vt 0.702894921875 0.617187421875
vt 0.702894921875 0.710937421875
vt 0.625230078125 0.710937421875
vt 0.628465703125 0.617187421875
vt 0.699658671875 0.617187421875
vt 0.702894765625 0.624999921875
vt 0.6252296875 0.624999921875
vt 0.628465703125 0.617187421875
vt 0.699658671875 0.617187421875
vt 0.702894765625 0.624999921875
vt 0.6252296875 0.624999921875
vt 0.628465703125 0.617187421875
vt 0.699658671875 0.617187421875
vt 0.702894765625 0.624999921875
vt 0.6252296875 0.624999921875
vt 0.628465703125 0.617187421875
vt 0.699658671875 0.617187421875
vt 0.702894765625 0.624999921875
vt 0.6252296875 0.624999921875
vt 0.628465703125 0.617187421875
vt 0.699658671875 0.617187421875
vt 0.702894765625 0.624999921875
vt 0.6252296875 0.624999921875
vt 0.628465703125 0.617187421875
vt 0.699658671875 0.617187421875
vt 0.702894765625 0.624999921875
vt 0.6252296875 0.624999921875
vt 0.628465703125 0.617187421875
vt 0.699658671875 0.617187421875
vt 0.702894765625 0.624999921875
vt 0.6252296875 0.624999921875
vt 0.628465703125 0.617187421875
vt 0.699658671875 0.617187421875
vt 0.702894765625 0.624999921875
vt 0.6252296875 0.624999921875
vt 0.6252296875 0.703125
vt 0.628465703125 0.7109375
vt 0.699658671875 0.7109375
vt 0.7028946875 0.703125
vt 0.6252296875 0.703125
vt 0.62846578125 0.710937421875
vt 0.699658671875 0.710937421875
vt 0.702894765625 0.703125
vt 0.6252296875 0.703125
vt 0.628465703125 0.7109375
vt 0.699658671875 0.7109375
vt 0.7028946875 0.703125
vt 0.6252296875 0.703125
vt 0.62846578125 0.710937421875
vt 0.699658671875 0.710937421875
vt 0.702894765625 0.703125
vt 0.6252296875 0.703125
vt 0.628465703125 0.7109375
vt 0.699658671875 0.7109375
vt 0.7028946875 0.703125
vt 0.6252296875 0.703125
vt 0.62846578125 0.710937421875
vt 0.699658671875 0.710937421875
vt 0.702894765625 0.703125
vt 0.6252296875 0.703125
vt 0.628465703125 0.7109375
vt 0.699658671875 0.7109375
vt 0.7028946875 0.703125
vt 0.6252296875 0.703125
vt 0.62846578125 0.710937421875
vt 0.699658671875 0.710937421875
vt 0.702894765625 0.703125
vt 0.631705859375 0.757812421875
vt 0.631705859375 0.742187421875
vt 0.696426953125 0.742187421875
vt 0.696426953125 0.757812421875
vt 0.631705859375 0.757812421875
vt 0.631705859375 0.742187421875
vt 0.696426953125 0.742187421875
vt 0.696426953125 0.757812421875
vt 0.631705859375 0.757812421875
vt 0.631705859375 0.742187421875
vt 0.696426953125 0.742187421875
vt 0.696426953125 0.757812421875
vt 0.631705859375 0.757812421875
vt 0.631705859375 0.742187421875
vt 0.696426953125 0.742187421875
vt 0.696426953125 0.757812421875
vt 0.631705859375 0.757812421875
vt 0.631705859375 0.742187421875
vt 0.696426953125 0.742187421875
vt 0.696426953125 0.757812421875
vt 0.631705859375 0.757812421875
vt 0.631705859375 0.742187421875
vt 0.696426953125 0.742187421875
vt 0.696426953125 0.757812421875
vt 0.631705859375 0.757812421875
vt 0.631705859375 0.742187421875
vt 0.696426953125 0.742187421875
vt 0.696426953125 0.757812421875
vt 0.631705859375 0.757812421875
vt 0.631705859375 0.742187421875
vt 0.696426953125 0.742187421875
vt 0.696426953125 0.757812421875
vt 0.699658984375 0.742187421875
vt 0.699658984375 0.515624921875
vt 0.628466015625 0.515624921875
vt 0.628466015625 0.742187421875
vt 0.699658984375 0.742187421875
vt 0.699658984375 0.515624921875
vt 0.628466015625 0.515624921875
vt 0.628466015625 0.742187421875
vt 0.628466015625 0.742187421875
vt 0.699658984375 0.742187421875
vt 0.699658984375 0.515624921875
vt 0.628466015625 0.515624921875
vt 0.699658984375 0.742187421875
vt 0.699658984375 0.515624921875
vt 0.628466015625 0.515624921875
vt 0.628466015625 0.742187421875
vt 0.699658984375 0.742187421875
vt 0.699658984375 0.515624921875
vt 0.628466015625 0.515624921875
vt 0.628466015625 0.742187421875
vt 0.699658984375 0.742187421875
vt 0.699658984375 0.515624921875
vt 0.628466015625 0.515624921875
vt 0.628466015625 0.742187421875
vt 0.699658984375 0.742187421875
vt 0.699658984375 0.515624921875
vt 0.628466015625 0.515624921875
vt 0.628466015625 0.742187421875
vt 0.63817375 0.49218734374999995
vt 0.68995046875 0.49218734374999995
vt 0.69965859375 0.515624921875
vt 0.628465625 0.515624921875
vt 0.63817375 0.49218734374999995
vt 0.68995046875 0.49218734374999995
vt 0.69965859375 0.515624921875
vt 0.628465625 0.515624921875
vt 0.63817375 0.49218734374999995
vt 0.68995046875 0.49218734374999995
vt 0.69965859375 0.515624921875
vt 0.628465625 0.515624921875
vt 0.63817375 0.49218734374999995
vt 0.68995046875 0.49218734374999995
vt 0.69965859375 0.515624921875
vt 0.628465625 0.515624921875
vt 0.63817375 0.49218734374999995
vt 0.68995046875 0.49218734374999995
vt 0.69965859375 0.515624921875
vt 0.628465625 0.515624921875
vt 0.63817375 0.49218734374999995
vt 0.68995046875 0.49218734374999995
vt 0.69965859375 0.515624921875
vt 0.628465625 0.515624921875
vt 0.63817375 0.49218734374999995
vt 0.68995046875 0.49218734374999995
vt 0.69965859375 0.515624921875
vt 0.628465625 0.515624921875
vt 0.63817375 0.49218734374999995
vt 0.68995046875 0.49218734374999995
vt 0.69965859375 0.515624921875
vt 0.628465625 0.515624921875
vt 0.515625078125 0.546874921875
vt 0.515625078125 0.609374921875
vt 0.453125 0.609374921875
vt 0.453125 0.546874921875
vt 0.515625078125 0.546874921875
vt 0.515625078125 0.609374921875
vt 0.453125 0.609374921875
vt 0.453125 0.546874921875
vt 0.515625078125 0.546874921875
vt 0.515625078125 0.609374921875
vt 0.453125 0.609374921875
vt 0.453125 0.546874921875
vt 0.515625078125 0.546874921875
vt 0.515625078125 0.609374921875
vt 0.453125 0.609374921875
vt 0.453125 0.546874921875
vt 0.515625078125 0.48437484374999995
vt 0.515625078125 0.546874921875
vt 0.453125 0.546874921875
vt 0.453125 0.48437484374999995
vt 0.460267265625 0.609375
vt 0.4609375 0.6171875
vt 0.453125 0.6171875
vt 0.453795234375 0.609375
vt 0.4609375 0.616517265625
vt 0.453125 0.6171875
vt 0.453125 0.609375
vt 0.4609375 0.610045234375
vt 0.453795234375 0.6171875
vt 0.453125 0.609375
vt 0.4609375 0.609375
vt 0.460267265625 0.6171875
vt 0.453125 0.610045234375
vt 0.4609375 0.609375
vt 0.4609375 0.6171875
vt 0.453125 0.616517265625
vt 0.453125 0.6171875
vt 0.4609375 0.609375
vt 0.459793359375 0.616043359375
vt 0.453125 0.609375
vt 0.4609375 0.6171875
vt 0.454269140625 0.616043359375
vt 0.4609375 0.609375
vt 0.453125 0.6171875
vt 0.454269140625 0.610519140625
vt 0.4609375 0.6171875
vt 0.453125 0.609375
vt 0.459793359375 0.610519140625
vt 0.63817421875 0.44531234374999995
vt 0.63817421875 0.49218734374999995
vt 0.68995078125 0.49218734374999995
vt 0.68995078125 0.44531234374999995
vt 0.63817421875 0.44531234374999995
vt 0.63817421875 0.49218734374999995
vt 0.68995078125 0.49218734374999995
vt 0.68995078125 0.44531234374999995
vt 0.63817421875 0.44531234374999995
vt 0.63817421875 0.49218734374999995
vt 0.68995078125 0.49218734374999995
vt 0.68995078125 0.44531234374999995
vt 0.63817421875 0.44531234374999995
vt 0.63817421875 0.49218734374999995
vt 0.68995078125 0.49218734374999995
vt 0.68995078125 0.44531234374999995
vt 0.63817421875 0.44531234374999995
vt 0.63817421875 0.49218734374999995
vt 0.68995078125 0.49218734374999995
vt 0.68995078125 0.44531234374999995
vt 0.63817421875 0.44531234374999995
vt 0.63817421875 0.49218734374999995
vt 0.68995078125 0.49218734374999995
vt 0.68995078125 0.44531234374999995
vt 0.63817421875 0.44531234374999995
vt 0.63817421875 0.49218734374999995
vt 0.68995078125 0.49218734374999995
vt 0.68995078125 0.44531234374999995
vt 0.63817421875 0.44531234374999995
vt 0.63817421875 0.49218734374999995
vt 0.68995078125 0.49218734374999995
vt 0.68995078125 0.44531234374999995
vt 0.5625 0.54687484375
vt 0.515625 0.54687484375
vt 0.515625 0.48437484374999995
vt 0.5625 0.48437484374999995
vt 0.515625 0.54687484375
vt 0.5625 0.54687484375
vt 0.5625 0.48437484374999995
vt 0.515625 0.48437484374999995
vt 0.5625 0.54687484375
vt 0.515625 0.54687484375
vt 0.515625 0.48437484374999995
vt 0.5625 0.48437484374999995
vt 0.515625 0.54687484375
vt 0.5625 0.54687484375
vt 0.5625 0.48437484374999995
vt 0.515625 0.48437484374999995
vt 0.562500078125 0.54687484375
vt 0.562500078125 0.593749921875
vt 0.515625 0.593749921875
vt 0.515625 0.54687484375
vt 0.699658984375 0.742187421875
vt 0.699658984375 0.515624921875
vt 0.628466015625 0.515624921875
vt 0.628466015625 0.742187421875
vt 0.7000853125 0.742187109375
vt 0.62889234375 0.742187109375
vt 0.63212828125 0.734374609375
vt 0.69684859375 0.734374609375
vt 0.7000853125 0.742187578125
vt 0.628892890625 0.742187578125
vt 0.6321284375 0.734374609375
vt 0.6968496875 0.734374609375
vt 0.7000853125 0.742187421875
vt 0.628891796875 0.7421879687499999
vt 0.6321278125 0.734375390625
vt 0.6968490625 0.734374609375
vt 0.7000853125 0.742187109375
vt 0.628893125 0.742187109375
vt 0.6321290625 0.734374609375
vt 0.696849375 0.734374609375
vt 0.7000853125 0.742187109375
vt 0.62889234375 0.742187109375
vt 0.63212828125 0.734374609375
vt 0.69684859375 0.734374609375
vt 0.7000853125 0.742187109375
vt 0.628893125 0.742187109375
vt 0.6321290625 0.734374609375
vt 0.696849375 0.734374609375
vt 0.7000853125 0.74218734375
vt 0.6288928125 0.74218734375
vt 0.632128984375 0.734374609375
vt 0.696849375 0.7343752343750001
vt 0.7000853125 0.742187421875
vt 0.62889234375 0.7421879687499999
vt 0.632127890625 0.734375
vt 0.696849140625 0.734375
vn 1 0 0
vn -1 0 0
vn -0.7071067811865476 0.7071067811865476 -1.5700924586837752e-16
vn 0 1 -2.220446049250313e-16
vn 0.7071067811865476 0.7071067811865476 -1.5700924586837752e-16
vn 0.7071067811865476 -0.7071067811865476 1.5700924586837752e-16
vn 0 -1 2.220446049250313e-16
vn -0.7071067811865476 -0.7071067811865476 1.5700924586837752e-16
vn 0 -2.220446049250313e-16 -1
vn 0 -2.220446049250313e-16 -1
vn 0 -2.220446049250313e-16 -1
vn 0 -2.220446049250313e-16 -1
vn 0 -2.220446049250313e-16 -1
vn 0 -2.220446049250313e-16 -1
vn 0 -2.220446049250313e-16 -1
vn 0 -2.220446049250313e-16 -1
vn 0 2.220446049250313e-16 1
vn 0 2.220446049250313e-16 1
vn 0 2.220446049250313e-16 1
vn 0 2.220446049250313e-16 1
vn 0 2.220446049250313e-16 1
vn 0 2.220446049250313e-16 1
vn 0 2.220446049250313e-16 1
vn 0 2.220446049250313e-16 1
vn -1 0 0
vn 1 0 0
vn 0.7071067811865476 -0.7071067811865476 1.5700924586837752e-16
vn 0 -1 2.220446049250313e-16
vn -0.7071067811865476 -0.7071067811865476 1.5700924586837752e-16
vn -0.7071067811865476 0.7071067811865476 -1.5700924586837752e-16
vn 0 1 -2.220446049250313e-16
vn 0.7071067811865476 0.7071067811865476 -1.5700924586837752e-16
vn -1 0 0
vn -0.7071067811865476 0.7071067811865476 -1.5700924586837752e-16
vn 0 1 -2.220446049250313e-16
vn 0.7071067811865476 0.7071067811865476 -1.5700924586837752e-16
vn 1 0 0
vn 0.7071067811865476 -0.7071067811865476 1.5700924586837752e-16
vn 0 -1 2.220446049250313e-16
vn 0 -2.220446049250313e-16 -1
vn 0 -2.220446049250313e-16 -1
vn 0 -2.220446049250313e-16 -1
vn 0 -2.220446049250313e-16 -1
vn 0 -2.220446049250313e-16 -1
vn 0 -2.220446049250313e-16 -1
vn 0 -2.220446049250313e-16 -1
vn 0 -2.220446049250313e-16 -1
vn 1 0 0
vn 0 1 -2.220446049250313e-16
vn -1 0 0
vn 0 -1 2.220446049250313e-16
vn 0 -2.220446049250313e-16 -1
vn 0 -2.220446049250313e-16 -1
vn 0 -2.220446049250313e-16 -1
vn 0 -2.220446049250313e-16 -1
vn 0 -2.220446049250313e-16 -1
vn 0 -2.220446049250313e-16 -1
vn 0 -2.220446049250313e-16 -1
vn 0 -2.220446049250313e-16 -1
vn 0 -2.220446049250313e-16 -1
vn 1 0 0
vn 0.7071067811865476 -0.7071067811865476 1.5700924586837752e-16
vn 0 -1 2.220446049250313e-16
vn -0.7071067811865476 -0.7071067811865476 1.5700924586837752e-16
vn -1 0 0
vn -0.7071067811865476 0.7071067811865476 -1.5700924586837752e-16
vn 0 1 -2.220446049250313e-16
vn 0.7071067811865476 0.7071067811865476 -1.5700924586837752e-16
vn 1 0 0
vn 0 1 -2.220446049250313e-16
vn -1 0 0
vn 0 -1 2.220446049250313e-16
vn 0 -2.220446049250313e-16 -1
vn -0.7071067811865476 -0.7071067811865476 1.5700924586837752e-16
vn 0 2.220446049250313e-16 1
vn 0 2.220446049250313e-16 1
vn 0 2.220446049250313e-16 1
vn 0 2.220446049250313e-16 1
vn 0 2.220446049250313e-16 1
vn 0 2.220446049250313e-16 1
vn 0 2.220446049250313e-16 1
vn 0 2.220446049250313e-16 1
usemtl m_fb4282bc-10f8-24fc-5e12-044afee62972
f 149/365/94 146/366/94 147/367/94 148/368/94
f 154/369/95 161/370/95 152/371/95 153/372/95
f 155/373/96 154/374/96 153/375/96 156/376/96
f 157/377/97 155/378/97 156/379/97 158/380/97
f 146/381/98 157/382/98 158/383/98 147/384/98
f 159/385/99 149/386/99 148/387/99 150/388/99
f 160/389/100 159/390/100 150/391/100 151/392/100
f 161/393/101 160/394/101 151/395/101 152/396/101
f 163/397/102 162/398/102 155/399/102 157/400/102
f 164/401/103 163/402/103 157/403/103 146/404/103
f 165/405/104 164/406/104 146/407/104 149/408/104
f 166/409/105 165/410/105 149/411/105 159/412/105
f 167/413/106 166/414/106 159/415/106 160/416/106
f 168/417/107 167/418/107 160/419/107 161/420/107
f 169/421/108 168/422/108 161/423/108 154/424/108
f 162/425/109 169/426/109 154/427/109 155/428/109
f 156/429/110 170/430/110 171/431/110 158/432/110
f 158/433/111 171/434/111 172/435/111 147/436/111
f 147/437/112 172/438/112 173/439/112 148/440/112
f 148/441/113 173/442/113 174/443/113 150/444/113
f 150/445/114 174/446/114 175/447/114 151/448/114
f 151/449/115 175/450/115 176/451/115 152/452/115
f 152/453/116 176/454/116 177/455/116 153/456/116
f 153/457/117 177/458/117 170/459/117 156/460/117
f 187/461/118 186/462/118 184/463/118 185/464/118
f 181/465/119 180/466/119 192/467/119 193/468/119
f 193/469/120 192/470/120 190/471/120 191/472/120
f 191/473/121 190/474/121 188/475/121 189/476/121
f 189/477/122 188/478/122 186/479/122 187/480/122
f 185/481/123 184/482/123 182/483/123 183/484/123
f 183/485/124 182/486/124 178/487/124 179/488/124
f 179/489/125 178/490/125 180/491/125 181/492/125
f 201/493/126 202/494/126 209/495/126 200/496/126
f 194/497/127 203/498/127 202/499/127 201/500/127
f 194/501/128 195/502/128 204/503/128 203/504/128
f 196/505/129 205/506/129 204/507/129 195/508/129
f 197/509/130 206/510/130 205/511/130 196/512/130
f 198/513/131 207/514/131 206/515/131 197/516/131
f 199/517/132 208/518/132 207/519/132 198/520/132
f 210/521/133 211/522/133 203/523/133 204/524/133
f 211/525/134 212/526/134 202/527/134 203/528/134
f 212/529/135 214/530/135 209/531/135 202/532/135
f 214/533/136 213/534/136 208/535/136 209/536/136
f 213/537/137 215/538/137 207/539/137 208/540/137
f 215/541/138 216/542/138 206/543/138 207/544/138
f 216/545/139 217/546/139 205/547/139 206/548/139
f 217/549/140 210/550/140 204/551/140 205/552/140
f 218/553/141 219/554/141 220/555/141 221/556/141
f 222/557/142 218/558/142 221/559/142 223/560/142
f 224/561/143 222/562/143 223/563/143 225/564/143
f 219/565/144 224/566/144 225/567/144 220/568/144
f 221/569/145 220/570/145 225/571/145 223/572/145
f 226/573/146 224/574/146 219/575/146 227/576/146
f 228/577/147 222/578/147 224/579/147 229/580/147
f 230/581/148 218/582/148 222/583/148 231/584/148
f 232/585/149 219/586/149 218/587/149 233/588/149
f 232/589/150 227/590/150 219/591/150
f 226/592/151 229/593/151 224/594/151
f 228/595/152 231/596/152 222/597/152
f 230/598/153 233/599/153 218/600/153
f 212/601/154 228/602/154 229/603/154 214/604/154
f 211/605/155 231/606/155 228/607/155 212/608/155
f 210/609/156 230/610/156 231/611/156 211/612/156
f 217/613/157 233/614/157 230/615/157 210/616/157
f 216/617/158 232/618/158 233/619/158 217/620/158
f 215/621/159 227/622/159 232/623/159 216/624/159
f 213/625/160 226/626/160 227/627/160 215/628/160
f 214/629/161 229/630/161 226/631/161 213/632/161
f 234/633/162 235/634/162 236/635/162 237/636/162
f 238/637/163 234/638/163 237/639/163 239/640/163
f 240/641/164 238/642/164 239/643/164 241/644/164
f 235/645/165 240/646/165 241/647/165 236/648/165
f 237/649/166 236/650/166 241/651/166 239/652/166
f 200/653/167 209/654/167 208/655/167 199/656/167
f 195/657/168 194/658/168 191/659/168 189/660/168
f 196/661/169 195/662/169 189/663/169 187/664/169
f 197/665/170 196/666/170 187/667/170 185/668/170
f 198/669/171 197/670/171 185/671/171 183/672/171
f 199/673/172 198/674/172 183/675/172 179/676/172
f 200/677/173 199/678/173 179/679/173 181/680/173
f 201/681/174 200/682/174 181/683/174 193/684/174
f 194/685/175 201/686/175 193/687/175 191/688/175
o trusses_small
v 0 1.9999999999999996 -3.6875
v 0 1.9999999999999996 -3.1875
v 0 0.9999999999999994 -3.6875
v 0 0.9999999999999996 -3.1875
v 0.5 1.4999999999999993 -3.6875
v 0.5 1.4999999999999996 -3.1875
v -0.5 1.4999999999999993 -3.6875
v -0.5 1.4999999999999996 -3.1875
v -0.25881875 1.9482874999999993 -3.6875
v -0.25881875 1.9482874999999995 -3.1875
v 0.25881875 1.0517124999999994 -3.6875
v 0.25881875 1.0517124999999994 -3.1875
v -0.4482875 1.7588187499999994 -3.6875
v -0.4482875 1.7588187499999997 -3.1875
v 0.4482875 1.2411812499999995 -3.6875
v 0.4482875 1.2411812499999995 -3.1875
v -0.4482875 1.2411812499999995 -3.6875
v -0.4482875 1.2411812499999995 -3.1875
v 0.4482875 1.7588187499999994 -3.6875
v 0.4482875 1.7588187499999997 -3.1875
v -0.25881875 1.0517124999999994 -3.6875
v -0.25881875 1.0517124999999994 -3.1875
v 0.25881875 1.9482874999999993 -3.6875
v 0.25881875 1.9482874999999995 -3.1875
vt 0 1
vt 0 0.75
vt 0.1250003125 0.75
vt 0.1250003125 1
vt 0 1
vt 0 0.75
vt 0.1250003125 0.75
vt 0.1250003125 1
vt 0 1
vt 0 0.75
vt 0.1250003125 0.75
vt 0.1250003125 1
vt 0 1
vt 0 0.75
vt 0.1250003125 0.75
vt 0.1250003125 1
vt 0 1
vt 0 0.75
vt 0.1250003125 0.75
vt 0.1250003125 1
vt 0 1
vt 0 0.75
vt 0.1250003125 0.75
vt 0.1250003125 1
vn 1 0 0
vn 0 -1 2.220446049250313e-16
vn 0.8660255366227391 0.499999769917244 -1.11022251373881e-16
vn 0.499999769917244 0.8660255366227391 -1.9229629813438433e-16
vn -0.499999769917244 0.8660255366227391 -1.9229629813438433e-16
vn -0.8660255366227391 0.499999769917244 -1.11022251373881e-16
usemtl m_3ab80a02-cc98-38d4-3da0-6f15806ce6e7
f 244/689/176 242/690/176 243/691/176 245/692/176
f 248/693/177 246/694/177 247/695/177 249/696/177
f 252/697/178 250/698/178 251/699/178 253/700/178
f 256/701/179 254/702/179 255/703/179 257/704/179
f 260/705/180 258/706/180 259/707/180 261/708/180
f 264/709/181 262/710/181 263/711/181 265/712/181
o unculled
v 0.207106875 1.9999999999999996 -3.5625
v -0.207106875 1.9999999999999996 -3.5625
v -0.5 1.7071068749999994 -3.5625
v -0.207106875 0.9999999999999994 -3.5625
v -0.5 1.2928931249999995 -3.5625
v 0.207106875 0.9999999999999994 -3.5625
v 0.5 1.2928931249999995 -3.5625
v 0.5 1.7071068749999994 -3.5625
v 0.5 1.2928931249999993 -3.8125
v 0.207106875 0.9999999999999993 -3.8125
v -0.207106875 0.9999999999999993 -3.8125
v -0.5 1.2928931249999993 -3.8125
v -0.5 1.7071068749999994 -3.8125
v -0.207106875 1.9999999999999993 -3.8125
v 0.207106875 1.9999999999999993 -3.8125
v 0.5 1.7071068749999994 -3.8125
vt 0.010809375 0.687499375
vt 0.1143625 0.687499375
vt 0.1143625 0.749999375
vt 0.010809375 0.749999375
vt 0.010809375 0.687499375
vt 0.1143625 0.687499375
vt 0.1143625 0.749999375
vt 0.010809375 0.749999375
vt 0.010809375 0.687499375
vt 0.1143625 0.687499375
vt 0.1143625 0.749999375
vt 0.010809375 0.749999375
vt 0.010809375 0.687499375
vt 0.1143625 0.687499375
vt 0.1143625 0.749999375
vt 0.010809375 0.749999375
vt 0.010809375 0.687499375
vt 0.1143625 0.687499375
vt 0.1143625 0.749999375
vt 0.010809375 0.749999375
vt 0.010809375 0.687499375
vt 0.1143625 0.687499375
vt 0.1143625 0.749999375
vt 0.010809375 0.749999375
vt 0.010809375 0.687499375
vt 0.1143625 0.687499375
vt 0.1143625 0.749999375
vt 0.010809375 0.749999375
vt 0.010809375 0.687499375
vt 0.1143625 0.687499375
vt 0.1143625 0.749999375
vt 0.010809375 0.749999375
vn 0.7071067811865476 -0.7071067811865476 1.5700924586837752e-16
vn 0 -1 2.220446049250313e-16
vn -0.7071067811865476 -0.7071067811865476 1.5700924586837752e-16
vn -1 0 0
vn -0.7071067811865476 0.7071067811865476 -1.5700924586837752e-16
vn 0 1 -2.220446049250313e-16
vn 0.7071067811865476 0.7071067811865476 -1.5700924586837752e-16
vn 1 0 0
usemtl m_3ab80a02-cc98-38d4-3da0-6f15806ce6e7
f 275/713/182 274/714/182 272/715/182 271/716/182
f 276/717/183 275/718/183 271/719/183 269/720/183
f 277/721/184 276/722/184 269/723/184 270/724/184
f 278/725/185 277/726/185 270/727/185 268/728/185
f 279/729/186 278/730/186 268/731/186 267/732/186
f 280/733/187 279/734/187 267/735/187 266/736/187
f 281/737/188 280/738/188 266/739/188 273/740/188
f 274/741/189 281/742/189 273/743/189 272/744/189
o intakecowling
v 0.46599 0.3750000000000009 0.5625000000000004
v 1.125 1.0340100000000008 0.5625
v 1.125 1.9659900000000008 0.5625
v 0.46599 2.625000000000001 0.5624999999999996
v -0.46599 2.625000000000001 0.5624999999999996
v -1.125 1.9659900000000008 0.5625
v -1.125 1.0340100000000008 0.5625
v -0.46599 0.3750000000000009 0.5625000000000004
v 0.517766875 2.750000000000001 1.25
v 0.5177675 2.7500012500000013 1.5
v -0.5177675 2.7500012500000013 1.5
v -0.517766875 2.750000000000001 1.25
v 0.46599 2.625000000000001 1.25
v -0.46599 2.625000000000001 1.25
v 0.517766875 0.2500000000000009 1.25
v -0.517766875 0.2500000000000009 1.25
v -0.5177675 0.24999875000000116 1.5
v 0.5177675 0.24999875000000116 1.5
v 1.25 0.982233125000001 1.25
v 1.25000125 0.982232500000001 1.5
v 1.25 2.017766875000001 1.25
v 1.25000125 2.017767500000001 1.5
v -1.25 2.017766875000001 1.25
v -1.25000125 2.017767500000001 1.5
v -1.25 0.982233125000001 1.25
v -1.25000125 0.982232500000001 1.5
v -0.46599 0.3750000000000009 1.25
v 0.46599 0.3750000000000009 1.25
v -1.125 1.034010000000001 1.25
v 1.125 1.034010000000001 1.25
v 1.125 1.965990000000001 1.25
v -1.125 1.965990000000001 1.25
v 0.621320625 3.000000000000001 0.5624999999999996
v -0.621320625 3.000000000000001 0.5624999999999996
v -1.5 2.121320625000001 0.5625
v -1.5 0.8786793750000009 0.5625
v -0.621320625 8.881784197001252e-16 0.5625000000000004
v 0.621320625 8.881784197001252e-16 0.5625000000000004
v 1.5 0.8786793750000009 0.5625
v 1.5 2.121320625000001 0.5625
v 0.621320625 3.000000000000001 1
v -0.621320625 3.000000000000001 1
v -0.46599 2.625000000000001 1.25
v 0.46599 2.625000000000001 1.25
v -0.56954375 2.875000000000001 1
v -0.56954375 2.875000000000001 1.5
v 0.56954375 2.875000000000001 1.5
v 0.56954375 2.875000000000001 1
v -0.5177675 2.7500012500000013 1.5
v 0.5177675 2.7500012500000013 1.5
v 0.517766875 2.750000000000001 1.25
v -0.517766875 2.750000000000001 1.25
v 0.621320625 8.881784197001252e-16 1
v 1.5 0.878679375000001 1
v 1.5 2.121320625000001 1
v -1.5 2.121320625000001 1
v -1.5 0.878679375000001 1
v -0.621320625 8.881784197001252e-16 1
v -1.25000125 0.982232500000001 1.5
v -1.125 1.034010000000001 1.25
v -0.46599 0.3750000000000009 1.25
v 0.46599 0.3750000000000009 1.25
v -1.125 1.965990000000001 1.25
v 1.125 1.965990000000001 1.25
v 1.125 1.034010000000001 1.25
v -1.375 0.9304562500000009 1
v -1.375 2.069543750000001 1
v -1.375 2.069543750000001 1.5
v -1.375 0.9304562500000011 1.5
v 1.375 2.069543750000001 1
v 1.375 2.069543750000001 1.5
v 1.375 0.9304562500000009 1
v 1.375 0.9304562500000011 1.5
v 0.56954375 0.1250000000000009 1
v 0.56954375 0.1250000000000011 1.5
v -0.56954375 0.1250000000000009 1
v -0.56954375 0.1250000000000011 1.5
v -1.25000125 2.017767500000001 1.5
v 1.25000125 2.017767500000001 1.5
v 1.25000125 0.982232500000001 1.5
v 0.5177675 0.24999875000000116 1.5
v -0.5177675 0.24999875000000116 1.5
v 0.517766875 0.2500000000000009 1.25
v -0.517766875 0.2500000000000009 1.25
v 1.25 0.982233125000001 1.25
v 1.25 2.017766875000001 1.25
v -1.25 2.017766875000001 1.25
v -1.25 0.982233125000001 1.25
vt 0.447533671875 0.968749921875
vt 0.447533671875 1
vt 0.318091484375 1
vt 0.318091484375 0.968749921875
vt 0.324563671875 0.960937421875
vt 0.324563671875 0.874999921875
vt 0.441061328125 0.874999921875
vt 0.441061328125 0.960937421875
vt 0.318091484375 0.968749921875
vt 0.447533671875 0.968749921875
vt 0.447533671875 1
vt 0.318091484375 1
vt 0.318091484375 0.968749921875
vt 0.447533671875 0.968749921875
vt 0.447533671875 1
vt 0.318091484375 1
vt 0.318091484375 0.968749921875
vt 0.447533671875 0.968749921875
vt 0.447533671875 1
vt 0.318091484375 1
vt 0.318091484375 0.968749921875
vt 0.447533671875 0.968749921875
vt 0.447533671875 1
vt 0.318091484375 1
vt 0.318091484375 0.968749921875
vt 0.447533671875 0.968749921875
vt 0.447533671875 1
vt 0.318091484375 1
vt 0.318091484375 0.968749921875
vt 0.447533671875 0.968749921875
vt 0.447533671875 1
vt 0.318091484375 1
vt 0.318091484375 0.968749921875
vt 0.447533671875 0.968749921875
vt 0.447533671875 1
vt 0.318091484375 1
vt 0.324563671875 0.960937421875
vt 0.324563671875 0.874999921875
vt 0.441061328125 0.874999921875
vt 0.441061328125 0.960937421875
vt 0.324563671875 0.960937421875
vt 0.324563671875 0.874999921875
vt 0.441061328125 0.874999921875
vt 0.441061328125 0.960937421875
vt 0.324563671875 0.960937421875
vt 0.324563671875 0.874999921875
vt 0.441061328125 0.874999921875
vt 0.441061328125 0.960937421875
vt 0.324563671875 0.960937421875
vt 0.324563671875 0.874999921875
vt 0.441061328125 0.874999921875
vt 0.441061328125 0.960937421875
vt 0.324563671875 0.960937421875
vt 0.324563671875 0.874999921875
vt 0.441061328125 0.874999921875
vt 0.441061328125 0.960937421875
vt 0.324563671875 0.960937421875
vt 0.324563671875 0.874999921875
vt 0.441061328125 0.874999921875
vt 0.441061328125 0.960937421875
vt 0.324563671875 0.960937421875
vt 0.324563671875 0.874999921875
vt 0.441061328125 0.874999921875
vt 0.441061328125 0.960937421875
vt 0.149318515625 0.382812421875
vt 0.0069325 0.382812421875
vt 0.0069325 0.445312421875
vt 0.149318515625 0.445312421875
vt 0.14284609375 0.367187421875
vt 0.149318125 0.38281226562500004
vt 0.006932109375 0.38281226562500004
vt 0.013404140625 0.367187421875
vt 0.14931828125 0.445312421875
vt 0.00693234375 0.445312421875
vt 0.000460234375 0.460937421875
vt 0.155790390625 0.460937421875
vt 0.31809140625 0.96875
vt 0.324563515625 0.953125
vt 0.441061015625 0.953125
vt 0.447533125 0.96875
vt 0.0069325 0.382812421875
vt 0.0069325 0.445312421875
vt 0.149318515625 0.445312421875
vt 0.149318515625 0.382812421875
vt 0.0069325 0.382812421875
vt 0.0069325 0.445312421875
vt 0.149318515625 0.445312421875
vt 0.149318515625 0.382812421875
vt 0.0069325 0.382812421875
vt 0.0069325 0.445312421875
vt 0.149318515625 0.445312421875
vt 0.149318515625 0.382812421875
vt 0.0069325 0.382812421875
vt 0.0069325 0.445312421875
vt 0.149318515625 0.445312421875
vt 0.149318515625 0.382812421875
vt 0.0069325 0.382812421875
vt 0.0069325 0.445312421875
vt 0.149318515625 0.445312421875
vt 0.149318515625 0.382812421875
vt 0.0069325 0.382812421875
vt 0.0069325 0.445312421875
vt 0.149318515625 0.445312421875
vt 0.149318515625 0.382812421875
vt 0.0069325 0.382812421875
vt 0.0069325 0.445312421875
vt 0.149318515625 0.445312421875
vt 0.149318515625 0.382812421875
vt 0.14284609375 0.367187421875
vt 0.149318125 0.38281226562500004
vt 0.006932109375 0.38281226562500004
vt 0.013404140625 0.367187421875
vt 0.14284609375 0.367187421875
vt 0.149318125 0.38281226562500004
vt 0.006932109375 0.38281226562500004
vt 0.013404140625 0.367187421875
vt 0.14284609375 0.367187421875
vt 0.149318125 0.38281226562500004
vt 0.006932109375 0.38281226562500004
vt 0.013404140625 0.367187421875
vt 0.14284609375 0.367187421875
vt 0.149318125 0.38281226562500004
vt 0.006932109375 0.38281226562500004
vt 0.013404140625 0.367187421875
vt 0.14284609375 0.367187421875
vt 0.149318125 0.38281226562500004
vt 0.006932109375 0.38281226562500004
vt 0.013404140625 0.367187421875
vt 0.14284609375 0.367187421875
vt 0.149318125 0.38281226562500004
vt 0.006932109375 0.38281226562500004
vt 0.013404140625 0.367187421875
vt 0.14284609375 0.367187421875
vt 0.149318125 0.38281226562500004
vt 0.006932109375 0.38281226562500004
vt 0.013404140625 0.367187421875
vt 0.000460234375 0.460937421875
vt 0.155790390625 0.460937421875
vt 0.14931828125 0.445312421875
vt 0.00693234375 0.445312421875
vt 0.14931828125 0.445312421875
vt 0.00693234375 0.445312421875
vt 0.000460234375 0.460937421875
vt 0.155790390625 0.460937421875
vt 0.14931828125 0.445312421875
vt 0.00693234375 0.445312421875
vt 0.000460234375 0.460937421875
vt 0.155790390625 0.460937421875
vt 0.14931828125 0.445312421875
vt 0.00693234375 0.445312421875
vt 0.000460234375 0.460937421875
vt 0.155790390625 0.460937421875
vt 0.14931828125 0.445312421875
vt 0.00693234375 0.445312421875
vt 0.000460234375 0.460937421875
vt 0.155790390625 0.460937421875
vt 0.14931828125 0.445312421875
vt 0.00693234375 0.445312421875
vt 0.000460234375 0.460937421875
vt 0.155790390625 0.460937421875
vt 0.000460234375 0.460937421875
vt 0.155790390625 0.460937421875
vt 0.14931828125 0.445312421875
vt 0.00693234375 0.445312421875
vt 0.31809140625 0.96875
vt 0.324563515625 0.953125
vt 0.441061015625 0.953125
vt 0.447533125 0.96875
vt 0.31809140625 0.96875
vt 0.324563515625 0.953125
vt 0.44106109375 0.953125
vt 0.447533125 0.96875
vt 0.31809140625 0.96875
vt 0.324563515625 0.953125
vt 0.44106109375 0.953125
vt 0.447533125 0.96875
vt 0.31809140625 0.96875
vt 0.324563515625 0.953125
vt 0.441061015625 0.953125
vt 0.447533125 0.96875
vt 0.31809140625 0.96875
vt 0.324563515625 0.953125
vt 0.44106109375 0.953125
vt 0.447533125 0.96875
vt 0.31809140625 0.96875
vt 0.324563515625 0.953125
vt 0.44106109375 0.953125
vt 0.447533125 0.96875
vt 0.31809140625 0.96875
vt 0.324563515625 0.953125
vt 0.441061015625 0.953125
vt 0.447533125 0.96875
vt 0.00046015625 1
vt 0.00046015625 0.9453125
vt 0.155790703125 0.9453125
vt 0.155790703125 1
vt 0.15670984375 1
vt 0.15670984375 0.9453125
vt 0.312040390625 0.9453125
vt 0.312040390625 1
vt 0.15670984375 1
vt 0.15670984375 0.9453125
vt 0.312040390625 0.9453125
vt 0.312040390625 1
vt 0.00046015625 1
vt 0.00046015625 0.9453125
vt 0.155790703125 0.9453125
vt 0.155790703125 1
vt 0.15670984375 1
vt 0.15670984375 0.9453125
vt 0.312040390625 0.9453125
vt 0.312040390625 1
vt 0.155790703125 1
vt 0.155790703125 0.9453125
vt 0.00046015625 0.9453125
vt 0.00046015625 1
vt 0.15670984375 1
vt 0.15670984375 0.9453125
vt 0.312040390625 0.9453125
vt 0.312040390625 1
vt 0.15670984375 1
vt 0.15670984375 0.9453125
vt 0.312040390625 0.9453125
vt 0.312040390625 1
vt 0.312473515625 0.4609375
vt 0.2930571875 0.5078125
vt 0.1765596875 0.5078125
vt 0.157143359375 0.4609375
vt 0.312473359375 0.4609375
vt 0.2930571875 0.507812578125
vt 0.176559609375 0.507812578125
vt 0.157143359375 0.4609375
vt 0.312473515625 0.4609375
vt 0.2930571875 0.5078125
vt 0.1765596875 0.5078125
vt 0.157143359375 0.4609375
vt 0.312473359375 0.4609375
vt 0.2930571875 0.507812578125
vt 0.176559609375 0.507812578125
vt 0.157143359375 0.4609375
vt 0.312473515625 0.4609375
vt 0.2930571875 0.5078125
vt 0.1765596875 0.5078125
vt 0.157143359375 0.4609375
vt 0.312473359375 0.4609375
vt 0.2930571875 0.507812578125
vt 0.176559609375 0.507812578125
vt 0.157143359375 0.4609375
vt 0.312473515625 0.4609375
vt 0.2930571875 0.5078125
vt 0.1765596875 0.5078125
vt 0.157143359375 0.4609375
vt 0.312473359375 0.4609375
vt 0.2930571875 0.507812578125
vt 0.176559609375 0.507812578125
vt 0.157143359375 0.4609375
vn 0 -0.9999999999875001 0.000004999999999970256
vn 0 -1 2.220446049250313e-16
vn 0.9999999999875001 1.1102230245692482e-21 0.000004999999999748211
vn 0.7071067811766039 -0.7071067811766039 0.0000053033008592522485
vn -0.7071067811766039 -0.7071067811766039 0.0000053033008592522485
vn -0.9999999999875001 1.1102230245692482e-21 0.000004999999999748211
vn -0.7071067811766039 0.7071067811766039 0.00000530330085893823
vn 0 0.9999999999875001 0.000004999999999526167
vn 0.7071067811766039 0.7071067811766039 0.00000530330085893823
vn 1 0 0
vn 0.7071067811865476 -0.7071067811865476 1.5700924586837752e-16
vn -0.7071067811865476 -0.7071067811865476 1.5700924586837752e-16
vn -1 0 0
vn -0.7071067811865476 0.7071067811865476 -1.5700924586837752e-16
vn 0 1 -2.220446049250313e-16
vn 0.7071067811865476 0.7071067811865476 -1.5700924586837752e-16
vn 0 1 -2.220446049250313e-16
vn 0 2.220446049250313e-16 1
vn 0 2.220446049250313e-16 1
vn 0 2.220446049250313e-16 1
vn -1 0 0
vn -0.7071067811865476 0.7071067811865476 -1.5700924586837752e-16
vn 0.7071067811865476 0.7071067811865476 -1.5700924586837752e-16
vn 1 0 0
vn 0.7071067811865476 -0.7071067811865476 1.5700924586837752e-16
vn 0 -1 2.220446049250313e-16
vn -0.7071067811865476 -0.7071067811865476 1.5700924586837752e-16
vn 0 2.220446049250313e-16 1
vn 0 2.220446049250313e-16 1
vn 0 2.220446049250313e-16 1
vn 0 2.220446049250313e-16 1
vn 0 2.220446049250313e-16 1
vn 0 2.220446049250313e-16 1
vn 0 2.220446049250313e-16 1
vn 0 2.220446049250313e-16 1
vn 0 2.220446049250313e-16 1
vn 0 2.220446049250313e-16 1
vn 0 2.220446049250313e-16 1
vn 0 2.220446049250313e-16 1
vn 0 2.220446049250313e-16 1
vn 0 2.220446049250313e-16 1
vn 0 2.220446049250313e-16 1
vn 0 2.220446049250313e-16 1
vn 0 2.220446049250313e-16 1
vn 0 2.220446049250313e-16 1
vn 0 2.220446049250313e-16 1
vn 0 2.220446049250313e-16 1
vn 0 2.220446049250313e-16 1
vn 0 1 -2.220446049250313e-16
vn -0.7071067811865476 0.7071067811865476 -1.5700924586837752e-16
vn -1 0 0
vn -0.7071067811865476 -0.7071067811865476 1.5700924586837752e-16
vn 0 -1 2.220446049250313e-16
vn 0.7071067811865476 -0.7071067811865476 1.5700924586837752e-16
vn 1 0 0
vn 0.7071067811865476 0.7071067811865476 -1.5700924586837752e-16
vn 0 -2.220446049250313e-16 -1
vn 0 -2.220446049250313e-16 -1
vn 0 -2.220446049250313e-16 -1
vn 0 -2.220446049250313e-16 -1
vn 0 -2.220446049250313e-16 -1
vn 0 -2.220446049250313e-16 -1
vn 0 -2.220446049250313e-16 -1
vn 0 -2.220446049250313e-16 -1
usemtl m_fb4282bc-10f8-24fc-5e12-044afee62972
f 290/745/190 291/746/190 292/747/190 293/748/190
f 295/749/191 286/750/191 285/751/191 294/752/191
f 306/753/192 304/754/192 305/755/192 307/756/192
f 304/757/193 293/758/193 292/759/193 305/760/193
f 290/761/194 302/762/194 303/763/194 291/764/194
f 302/765/195 300/766/195 301/767/195 303/768/195
f 300/769/196 296/770/196 299/771/196 301/772/196
f 296/773/197 297/774/197 298/775/197 299/776/197
f 297/777/198 306/778/198 307/779/198 298/780/198
f 310/781/199 288/782/199 287/783/199 313/784/199
f 313/785/200 287/786/200 286/787/200 295/788/200
f 294/789/201 285/790/201 284/791/201 312/792/201
f 312/793/202 284/794/202 283/795/202 311/796/202
f 311/797/203 283/798/203 282/799/203 309/800/203
f 309/801/204 282/802/204 289/803/204 308/804/204
f 308/805/205 289/806/205 288/807/205 310/808/205
f 327/809/206 328/810/206 329/811/206 326/812/206
f 331/813/207 328/814/207 327/815/207 330/816/207
f 326/817/208 329/818/208 322/819/208 323/820/208
f 333/821/209 324/822/209 325/823/209 332/824/209
f 349/825/210 348/826/210 347/827/210 350/828/210
f 327/829/211 326/830/211 348/831/211 349/832/211
f 352/833/212 351/834/212 329/835/212 328/836/212
f 354/837/213 353/838/213 351/839/213 352/840/213
f 356/841/214 355/842/214 353/843/214 354/844/214
f 358/845/215 357/846/215 355/847/215 356/848/215
f 350/849/216 347/850/216 357/851/216 358/852/216
f 330/853/217 327/854/217 349/855/217 359/856/217
f 359/857/218 349/858/218 350/859/218 340/860/218
f 340/861/219 350/862/219 358/863/219 363/864/219
f 363/865/220 358/866/220 356/867/220 362/868/220
f 362/869/221 356/870/221 354/871/221 361/872/221
f 361/873/222 354/874/222 352/875/222 360/876/222
f 360/877/223 352/878/223 328/879/223 331/880/223
f 339/881/224 334/882/224 355/883/224 357/884/224
f 353/885/225 355/886/225 334/887/225 335/888/225
f 357/889/226 347/890/226 338/891/226 339/892/226
f 347/893/227 348/894/227 337/895/227 338/896/227
f 348/897/228 326/898/228 323/899/228 337/900/228
f 329/901/229 351/902/229 336/903/229 322/904/229
f 335/905/230 336/906/230 351/907/230 353/908/230
f 364/909/231 343/910/231 342/911/231 365/912/231
f 365/913/232 342/914/232 341/915/232 369/916/232
f 366/917/233 346/918/233 343/919/233 364/920/233
f 367/921/234 345/922/234 346/923/234 366/924/234
f 332/925/235 325/926/235 345/927/235 367/928/235
f 368/929/236 344/930/236 324/931/236 333/932/236
f 369/933/237 341/934/237 344/935/237 368/936/237
f 322/937/238 314/938/238 315/939/238 323/940/238
f 323/941/239 315/942/239 316/943/239 337/944/239
f 337/945/240 316/946/240 317/947/240 338/948/240
f 338/949/241 317/950/241 318/951/241 339/952/241
f 339/953/242 318/954/242 319/955/242 334/956/242
f 334/957/243 319/958/243 320/959/243 335/960/243
f 335/961/244 320/962/244 321/963/244 336/964/244
f 336/965/245 321/966/245 314/967/245 322/968/245
f 314/969/246 285/970/246 286/971/246 315/972/246
f 315/973/247 286/974/247 287/975/247 316/976/247
f 316/977/248 287/978/248 288/979/248 317/980/248
f 317/981/249 288/982/249 289/983/249 318/984/249
f 318/985/250 289/986/250 282/987/250 319/988/250
f 319/989/251 282/990/251 283/991/251 320/992/251
f 320/993/252 283/994/252 284/995/252 321/996/252
f 321/997/253 284/998/253 285/999/253 314/1000/253
o casing
v 0.595431875 2.9375 -1.1250000000000004
v 0.595431875 2.9375 -2.2500000000000004
v 0.621320625 3 -1.1250000000000004
v 0.46599 2.625 -2.75
v 0.440101875 2.5625 -2.2500000000000004
v 0.440101875 2.5625 -2.75
v 0.464019375 2.6202425 -2.2500000000000004
v 1.4375 2.095431875 -2.25
v 1.4375 2.095431875 -1.1250000000000002
v 1.4375 0.904568125 -2.25
v 1.4375 0.9045681250000002 -1.125
v 0.595431875 0.06249999999999978 -2.25
v 0.595431875 0.06250000000000022 -1.1249999999999998
v 1.5 0.8786793750000002 -1.125
v 1.5 2.121320625 -1.1250000000000002
v 0.621320625 2.220446049250313e-16 -1.1249999999999998
v 0.46599 0.3749999999999999 -2.75
v 1.125 1.96599 -2.75
v 1.125 1.0340099999999999 -2.75
v 1.0625 1.059898125 -2.75
v 0.440101875 0.4374999999999999 -2.75
v 0.440101875 0.4375 -2.25
v 1.0625 1.059898125 -2.25
v 1.0625 1.9401018749999999 -2.75
v 1.0625 1.9401018749999999 -2.25
v 1.1202425 1.0359806249999999 -2.25
v 1.1202425 1.964019375 -2.25
v 0.464019375 0.37975749999999997 -2.25
v 0.621320625 3.0000000000000004 0.5624999999999996
v 0.621320625 4.440892098500626e-16 0.5625000000000004
v 1.5 0.8786793750000006 0.5625
v 1.5 2.1213206250000005 0.5625
v 0 2.220446049250313e-16 -1.1249999999999998
v 0 4.440892098500626e-16 0.5625000000000004
v 0 0.06250000000000022 -1.1249999999999998
v 0 0.06249999999999978 -2.25
v 0 0.37975749999999997 -2.25
v 0 0.4375 -2.25
v 0 0.4374999999999999 -2.75
v 0 0.3749999999999999 -2.75
vt 0.01992109375 0.4765625
vt 0.07816984375 0.4765625
vt 0.07816984375 0.484375
vt 0.023157109375 0.484375
vt 0.312040390625 0.734374921875
vt 0.312040390625 0.9453125
vt 0.15670984375 0.9453125
vt 0.15670984375 0.734374921875
vt 0.00046015625 0.734374921875
vt 0.00046015625 0.9453125
vt 0.155790703125 0.9453125
vt 0.155790703125 0.734374921875
vt 0.312040390625 0.9453125
vt 0.234375078125 0.9453125
vt 0.234375078125 0.734374921875
vt 0.312040390625 0.734374921875
vt 0.159525625 0.734375
vt 0.159525625 0.59375
vt 0.308383515625 0.59375
vt 0.308383515625 0.734375
vt 0.159525625 0.734375
vt 0.159525625 0.59375
vt 0.308383515625 0.59375
vt 0.308383515625 0.734375
vt 0.003275625 0.734375
vt 0.003275625 0.59375
vt 0.152133515625 0.59375
vt 0.152133515625 0.734375
vt 0.308383515625 0.734375
vt 0.233954609375 0.734375
vt 0.233954609375 0.59375
vt 0.308383515625 0.59375
vt 0.13654796875 0.554092734375
vt 0.020543046875 0.554092734375
vt 0.023532734375 0.546874921875
vt 0.13355828125 0.546874921875
vt 0.13654796875 0.554092734375
vt 0.020543046875 0.554092734375
vt 0.023532734375 0.546874921875
vt 0.13355828125 0.546874921875
vt 0.13654796875 0.554092734375
vt 0.020543046875 0.554092734375
vt 0.023532734375 0.546874921875
vt 0.13355828125 0.546874921875
vt 0.0231571875 0.484375
vt 0.01992109375 0.4765625
vt 0.136418671875 0.4765625
vt 0.13318265625 0.484375
vt 0.023157109375 0.484375
vt 0.01992109375 0.4765625
vt 0.13641859375 0.4765625
vt 0.133182578125 0.484375
vt 0.0231571875 0.484375
vt 0.01992109375 0.4765625
vt 0.136418671875 0.4765625
vt 0.13318265625 0.484375
vt 0.1557903125 0.7421875
vt 0.078125234375 0.7421875
vt 0.078125234375 0.734375
vt 0.15255421875 0.734375
vt 0.003696171875 0.734375
vt 0.15255421875 0.734375
vt 0.15579015625 0.7421875
vt 0.00046015625 0.7421875
vt 0.3120403125 0.7421875
vt 0.15671015625 0.7421875
vt 0.15994625 0.734375
vt 0.30880421875 0.734375
vt 0.31204015625 0.7421875
vt 0.15671015625 0.7421875
vt 0.159946171875 0.734375
vt 0.30880421875 0.734375
vt 0.152974609375 0.59375
vt 0.13654796875 0.554092734375
vt 0.020543046875 0.554092734375
vt 0.004116484375 0.59375
vt 0.152974609375 0.59375
vt 0.13654796875 0.554092734375
vt 0.020543046875 0.554092734375
vt 0.004116484375 0.59375
vt 0.004116484375 0.59375
vt 0.078545546875 0.59375
vt 0.078545546875 0.554092734375
vt 0.020543046875 0.554092734375
vt 0.152974609375 0.59375
vt 0.13654796875 0.554092734375
vt 0.020543046875 0.554092734375
vt 0.004116484375 0.59375
vt 0.312040390625 0.734374921875
vt 0.312040390625 0.9453125
vt 0.15670984375 0.9453125
vt 0.15670984375 0.734374921875
vt 0.023532734375 0.546874921875
vt 0.078545546875 0.546874921875
vt 0.078545546875 0.554092734375
vt 0.020543046875 0.554092734375
vn 0 -2.220446049250313e-16 -1
vn 1 0 0
vn 0.7071067811865476 -0.7071067811865475 1.570092458683775e-16
vn 0 -1 2.220446049250313e-16
vn 0.7071067811865476 0.7071067811865476 -1.5700924586837752e-16
vn 1 0 0
vn 0.7071067811865476 -0.7071067811865475 1.570092458683775e-16
vn 0 -1 2.220446049250313e-16
vn 0 2.220446049250313e-16 1
vn 0 2.220446049250313e-16 1
vn 0 2.220446049250313e-16 1
vn 0 -2.220446049250313e-16 -1
vn 0 -2.220446049250313e-16 -1
vn 0 -2.220446049250313e-16 -1
vn 0 -2.220446049250313e-16 -1
vn 0 -2.220446049250313e-16 -1
vn 0 -2.220446049250313e-16 -1
vn 0 -2.220446049250313e-16 -1
vn 0 -2.220446049250313e-16 -1
vn 0 -2.220446049250313e-16 -1
vn 0 -2.220446049250313e-16 -1
vn 0 -2.220446049250313e-16 -1
vn 0.7071067811865475 0.7071067811865476 -1.5700924586837752e-16
vn 0 2.220446049250313e-16 1
usemtl m_fb4282bc-10f8-24fc-5e12-044afee62972
f 386/1001/254 409/1002/254 408/1003/254 390/1004/254
f 384/1005/255 401/1006/255 400/1007/255 383/1008/255
f 383/1009/256 400/1010/256 399/1011/256 385/1012/256
f 399/1013/257 403/1014/257 402/1015/257 385/1016/257
f 378/1017/258 377/1018/258 371/1019/258 370/1020/258
f 380/1021/259 379/1022/259 377/1023/259 378/1024/259
f 382/1025/260 381/1026/260 379/1027/260 380/1028/260
f 382/1029/261 404/1030/261 405/1031/261 381/1032/261
f 397/1033/262 395/1034/262 392/1035/262 391/1036/262
f 395/1037/263 396/1038/263 394/1039/263 392/1040/263
f 396/1041/264 376/1042/264 374/1043/264 394/1044/264
f 375/1045/265 373/1046/265 387/1047/265 393/1048/265
f 393/1049/266 387/1050/266 388/1051/266 389/1052/266
f 389/1053/267 388/1054/267 386/1055/267 390/1056/267
f 385/1057/268 402/1058/268 404/1059/268 382/1060/268
f 382/1061/269 380/1062/269 383/1063/269 385/1064/269
f 384/1065/270 383/1066/270 380/1067/270 378/1068/270
f 372/1069/271 384/1070/271 378/1071/271 370/1072/271
f 379/1073/272 395/1074/272 396/1075/272 377/1076/272
f 377/1077/273 396/1078/273 376/1079/273 371/1080/273
f 381/1081/274 405/1082/274 406/1083/274 397/1084/274
f 381/1085/275 397/1086/275 395/1087/275 379/1088/275
f 372/1089/276 398/1090/276 401/1091/276 384/1092/276
f 391/1093/277 407/1094/277 406/1095/277 397/1096/277
o casing_interior
v 0 0.3750000000000009 0.5625000000000004
v 0 0.3750000000000002 -2.25
v 0 0.375 -2.75
v 0.44010187499999986 2.5625 -2.75
v 0.44010187499999986 2.5625 -2.25
v 0.4659900000000001 2.625 -2.75
v 0.4659900000000001 2.625 -2.25
v 0.4659900000000001 0.375 -2.75
v 0.44010187499999986 0.4375 -2.75
v 0.44010187499999986 0.4375000000000002 -2.25
v 1.0625 1.0598981250000001 -2.75
v 1.0625 1.0598981250000001 -2.25
v 1.0625 1.940101875 -2.75
v 1.0625 1.9401018750000003 -2.25
v 1.125 1.9659900000000001 -2.75
v 1.125 1.03401 -2.75
v 0.4659900000000001 0.3750000000000002 -2.25
v 1.125 1.0340100000000003 -2.25
v 1.125 1.9659900000000001 -2.25
v 0.4659900000000001 0.3750000000000009 0.5625000000000004
v 1.125 1.0340100000000008 0.5625
v 1.125 1.9659900000000008 0.5625
v 0.4659900000000001 2.625000000000001 0.5624999999999996
v 0 0.4375 -2.75
v 0 0.4375000000000002 -2.25
vt 0.023762890625 0.484374921875
vt 0.13378875 0.484374921875
vt 0.13378875 0.546874921875
vt 0.023762890625 0.546874921875
vt 0.023762890625 0.484374921875
vt 0.13378875 0.484374921875
vt 0.13378875 0.546874921875
vt 0.023762890625 0.546874921875
vt 0.023762890625 0.484374921875
vt 0.13378875 0.484374921875
vt 0.13378875 0.546874921875
vt 0.023762890625 0.546874921875
vt 0.324563671875 0.52343734375
vt 0.441061328125 0.52343734375
vt 0.441061328125 0.46093734374999995
vt 0.324563671875 0.46093734374999995
vt 0.324563671875 0.52343734375
vt 0.441061328125 0.52343734375
vt 0.441061328125 0.46093734374999995
vt 0.324563671875 0.46093734374999995
vt 0.324563671875 0.52343734375
vt 0.441061328125 0.52343734375
vt 0.441061328125 0.46093734374999995
vt 0.324563671875 0.46093734374999995
vt 0.441061328125 0.52343734375
vt 0.441061328125 0.874999921875
vt 0.324563671875 0.874999921875
vt 0.324563671875 0.52343734375
vt 0.441061328125 0.52343734375
vt 0.441061328125 0.874999921875
vt 0.324563671875 0.874999921875
vt 0.324563671875 0.52343734375
vt 0.441061328125 0.52343734375
vt 0.441061328125 0.874999921875
vt 0.324563671875 0.874999921875
vt 0.324563671875 0.52343734375
vt 0.324563671875 0.52343734375
vt 0.3828125 0.52343734375
vt 0.3828125 0.874999921875
vt 0.324563671875 0.874999921875
vt 0.324563671875 0.52343734375
vt 0.3828125 0.52343734375
vt 0.3828125 0.46093734374999995
vt 0.324563671875 0.46093734374999995
vt 0.023762890625 0.484374921875
vt 0.078775859375 0.484374921875
vt 0.078775859375 0.546874921875
vt 0.023762890625 0.546874921875
vn -0.7071067811865475 -0.7071067811865476 1.5700924586837752e-16
vn -1 0 0
vn -0.7071067811865475 0.7071067811865476 -1.5700924586837752e-16
vn 0.7071067811865476 -0.7071067811865475 1.570092458683775e-16
vn 1 0 0
vn 0.7071067811865476 0.7071067811865475 -1.570092458683775e-16
vn -0.7071067811865476 0.7071067811865476 -1.5700924586837752e-16
vn -1 0 0
vn -0.7071067811865476 -0.7071067811865476 1.5700924586837752e-16
vn 0 1 -2.220446049250313e-16
vn 0 -1 2.220446049250313e-16
vn 0 1 -2.220446049250313e-16
usemtl m_fb4282bc-10f8-24fc-5e12-044afee62972
f 413/1097/278 422/1098/278 423/1099/278 414/1100/278
f 422/1101/279 420/1102/279 421/1103/279 423/1104/279
f 420/1105/280 418/1106/280 419/1107/280 421/1108/280
f 427/1109/281 426/1110/281 417/1111/281 425/1112/281
f 428/1113/282 427/1114/282 425/1115/282 424/1116/282
f 416/1117/283 428/1118/283 424/1119/283 415/1120/283
f 426/1121/284 429/1122/284 430/1123/284 427/1124/284
f 427/1125/285 430/1126/285 431/1127/285 428/1128/285
f 428/1129/286 431/1130/286 432/1131/286 416/1132/286
f 426/1133/287 411/1134/287 410/1135/287 429/1136/287
f 426/1137/288 411/1138/288 412/1139/288 417/1140/288
f 418/1141/289 433/1142/289 434/1143/289 419/1144/289
o trusses
v 0.75130125 2.2513012499999996 -2.75
v 0.75130125 2.2513012499999996 -2.5
v 0.5303300000000002 2.0303299999999997 -2.75
v 0.5303300000000002 2.0303299999999997 -2.5
v 1.0625 1.4999999999999996 -2.75
v 1.0625 1.4999999999999998 -2.5
v 0.75 1.4999999999999996 -2.75
v 0.75 1.4999999999999998 -2.5
v 0.75130125 0.7486987499999996 -2.75
v 0.75130125 0.7486987499999996 -2.5
v 0.5303300000000002 0.9696699999999997 -2.75
v 0.5303300000000002 0.9696699999999997 -2.5
vt 0.0625 0.8593746875
vt 0.0625 0.93749984375
vt 0 0.93749984375
vt 0 0.8593746875
vt 0.0625 0.8593746875
vt 0.0625 0.93749984375
vt 0 0.93749984375
vt 0 0.8593746875
vt 0.0625 0.8593746875
vt 0.0625 0.93749984375
vt 0 0.93749984375
vt 0 0.8593746875
vn 0.7071067811865479 -0.7071067811865472 1.5700924586837744e-16
vn 0 -1 2.220446049250313e-16
vn -0.7071067811865479 -0.7071067811865472 1.5700924586837744e-16
usemtl m_3ab80a02-cc98-38d4-3da0-6f15806ce6e7
f 437/1145/290 435/1146/290 436/1147/290 438/1148/290
f 441/1149/291 439/1150/291 440/1151/291 442/1152/291
f 445/1153/292 443/1154/292 444/1155/292 446/1156/292
o cowlingbordum_left
v 0.46599 0.3750000000000009 0.5625000000000004
v 0.621320625 8.881784197001252e-16 0.5625000000000004
v 1.125 1.0340100000000008 0.5625
v 1.5 0.8786793750000009 0.5625
v 1.125 1.9659900000000008 0.5625
v 1.5 2.121320625000001 0.5625
v 0.46599 2.625000000000001 0.5624999999999996
v 0.621320625 3.000000000000001 0.5624999999999996
v 0 0.3750000000000009 0.5625000000000004
v 0 8.881784197001252e-16 0.5625000000000004
vt 0.157143359375 0.4609375
vt 0.2348084375 0.4609375
vt 0.2348084375 0.5078125
vt 0.1765596875 0.5078125
vt 0.312473359375 0.4609375
vt 0.2930571875 0.507812578125
vt 0.176559609375 0.507812578125
vt 0.157143359375 0.4609375
vt 0.312473515625 0.4609375
vt 0.2930571875 0.5078125
vt 0.1765596875 0.5078125
vt 0.157143359375 0.4609375
vt 0.312473359375 0.4609375
vt 0.2930571875 0.507812578125
vt 0.176559609375 0.507812578125
vt 0.157143359375 0.4609375
vn 0 -2.220446049250313e-16 -1
vn 0 -2.220446049250313e-16 -1
vn 0 -2.220446049250313e-16 -1
vn 0 -2.220446049250313e-16 -1
usemtl m_fb4282bc-10f8-24fc-5e12-044afee62972
f 448/1157/293 456/1158/293 455/1159/293 447/1160/293
f 448/1161/294 447/1162/294 449/1163/294 450/1164/294
f 450/1165/295 449/1166/295 451/1167/295 452/1168/295
f 452/1169/296 451/1170/296 453/1171/296 454/1172/296
o zincs
v 0 4.440892098500626e-16 -1.1249999999999996
v 0 8.881784197001252e-16 0.5625000000000004
v 0 0.06250000000000044 -1.1249999999999996
v 0 0.06250000000000022 -2.25
v 0 0.3750000000000002 -2.25
v 0 0.37500000000000044 -1.1249999999999996
v 0 0.3750000000000009 0.5625000000000004
vt 0.2109375 0.3046875
vt 0.2109375 0.3515625
vt 0 0.3515625
vt 0 0.3046875
vt 0.3515625 0.3125
vt 0.3515625 0.3515625
vt 0.2109375 0.3515625
vt 0.2109375 0.3125
vn 1 0 0
vn 1 0 0
usemtl m_fb4282bc-10f8-24fc-5e12-044afee62972
f 457/1173/297 462/1174/297 463/1175/297 458/1176/297
f 460/1177/298 461/1178/298 462/1179/298 459/1180/298
o casing_interior
v -0.440101875 2.5625 -2.75
v -0.440101875 2.5625 -2.25
v -0.46599 2.625 -2.75
v -0.46599 2.625 -2.25
v -0.46599 0.375 -2.75
v -1.125 1.03401 -2.75
v -0.440101875 0.4375 -2.75
v -1.0625 1.0598981250000001 -2.75
v -1.0625 1.0598981250000001 -2.25
v -0.440101875 0.4375000000000002 -2.25
v -1.0625 1.940101875 -2.75
v -1.0625 1.9401018750000003 -2.25
v -1.125 1.9659900000000001 -2.75
v -1.125 1.9659900000000001 -2.25
v -1.125 1.0340100000000003 -2.25
v -0.46599 0.3750000000000002 -2.25
v -0.46599 2.625000000000001 0.5624999999999996
v -1.125 1.9659900000000008 0.5625
v -1.125 1.0340100000000008 0.5625
v -0.46599 0.3750000000000009 0.5625000000000004
v 0 0.3750000000000009 0.5625000000000004
v 0 0.3750000000000002 -2.25
v 0 0.375 -2.75
v 0 0.4375 -2.75
v 0 0.4375000000000002 -2.25
vt 0.023762890625 0.484374921875
vt 0.13378875 0.484374921875
vt 0.13378875 0.546874921875
vt 0.023762890625 0.546874921875
vt 0.023762890625 0.484374921875
vt 0.13378875 0.484374921875
vt 0.13378875 0.546874921875
vt 0.023762890625 0.546874921875
vt 0.13378875 0.546874921875
vt 0.078775859375 0.546874921875
vt 0.078775859375 0.484374921875
vt 0.13378875 0.484374921875
vt 0.023762890625 0.484374921875
vt 0.13378875 0.484374921875
vt 0.13378875 0.546874921875
vt 0.023762890625 0.546874921875
vt 0.324563671875 0.52343734375
vt 0.441061328125 0.52343734375
vt 0.441061328125 0.46093734374999995
vt 0.324563671875 0.46093734374999995
vt 0.324563671875 0.52343734375
vt 0.441061328125 0.52343734375
vt 0.441061328125 0.46093734374999995
vt 0.324563671875 0.46093734374999995
vt 0.441061328125 0.46093734374999995
vt 0.3828125 0.46093734374999995
vt 0.3828125 0.52343734375
vt 0.441061328125 0.52343734375
vt 0.324563671875 0.52343734375
vt 0.441061328125 0.52343734375
vt 0.441061328125 0.46093734374999995
vt 0.324563671875 0.46093734374999995
vt 0.441061328125 0.52343734375
vt 0.441061328125 0.874999921875
vt 0.324563671875 0.874999921875
vt 0.324563671875 0.52343734375
vt 0.441061328125 0.52343734375
vt 0.441061328125 0.874999921875
vt 0.324563671875 0.874999921875
vt 0.324563671875 0.52343734375
vt 0.441061328125 0.52343734375
vt 0.441061328125 0.874999921875
vt 0.324563671875 0.874999921875
vt 0.324563671875 0.52343734375
vt 0.441061328125 0.874999921875
vt 0.3828125 0.874999921875
vt 0.3828125 0.52343734375
vt 0.441061328125 0.52343734375
vn 1 0 0
vn 0.7071067811865476 -0.7071067811865476 1.5700924586837752e-16
vn 0 1 -2.220446049250313e-16
vn 0.7071067811865476 0.7071067811865476 -1.5700924586837752e-16
vn -1 0 0
vn -0.7071067811865476 -0.7071067811865476 1.5700924586837752e-16
vn 0 -1 2.220446049250313e-16
vn -0.7071067811865476 0.7071067811865476 -1.5700924586837752e-16
vn 0.7071067811865476 -0.7071067811865476 1.5700924586837752e-16
vn 1 0 0
vn 0.7071067811865476 0.7071067811865476 -1.5700924586837752e-16
vn 0 1 -2.220446049250313e-16
usemtl m_fb4282bc-10f8-24fc-5e12-044afee62972
f 471/1181/299 474/1182/299 475/1183/299 472/1184/299
f 474/1185/300 464/1186/300 465/1187/300 475/1188/300
f 473/1189/301 488/1190/301 487/1191/301 470/1192/301
f 470/1193/302 471/1194/302 472/1195/302 473/1196/302
f 478/1197/303 477/1198/303 476/1199/303 469/1200/303
f 479/1201/304 478/1202/304 469/1203/304 468/1204/304
f 468/1205/305 486/1206/305 485/1207/305 479/1208/305
f 477/1209/306 467/1210/306 466/1211/306 476/1212/306
f 467/1213/307 480/1214/307 481/1215/307 477/1216/307
f 477/1217/308 481/1218/308 482/1219/308 478/1220/308
f 478/1221/309 482/1222/309 483/1223/309 479/1224/309
f 483/1225/310 484/1226/310 485/1227/310 479/1228/310
o trusses
v -0.75130125 2.2513012499999996 -2.5
v -0.53033 0.9696699999999997 -2.75
v -0.53033 0.9696699999999997 -2.5
v -0.75130125 0.7486987499999996 -2.75
v -0.75130125 0.7486987499999996 -2.5
v -0.75 1.4999999999999996 -2.75
v -0.75 1.4999999999999998 -2.5
v -1.0625 1.4999999999999996 -2.75
v -1.0625 1.4999999999999998 -2.5
v -0.53033 2.0303299999999997 -2.75
v -0.53033 2.0303299999999997 -2.5
v -0.75130125 2.2513012499999996 -2.75
v 0 0.7499999999999997 -2.75
v 0 0.7499999999999997 -2.5
v 0 0.43749999999999956 -2.75
v 0 0.4374999999999998 -2.5
vt 0.0625 0.93749984375
vt 0.0625 0.8593746875
vt 0 0.8593746875
vt 0 0.93749984375
vt 0.0625 0.93749984375
vt 0.0625 0.8593746875
vt 0 0.8593746875
vt 0 0.93749984375
vt 0.0625 0.93749984375
vt 0.0625 0.8593746875
vt 0 0.8593746875
vt 0 0.93749984375
vt 0.0625 0.93749984375
vt 0.0625 0.8593746875
vt 0 0.8593746875
vt 0 0.93749984375
vn 0.7071067811865476 -0.7071067811865476 1.5700924586837752e-16
vn 0 -1 2.220446049250313e-16
vn -0.7071067811865476 -0.7071067811865476 1.5700924586837752e-16
vn 1 0 0
usemtl m_3ab80a02-cc98-38d4-3da0-6f15806ce6e7
f 492/1229/311 490/1230/311 491/1231/311 493/1232/311
f 496/1233/312 494/1234/312 495/1235/312 497/1236/312
f 500/1237/313 498/1238/313 499/1239/313 489/1240/313
f 503/1241/314 501/1242/314 502/1243/314 504/1244/314
o cowlingbordum_right
v -0.46599 0.3750000000000009 0.5625000000000004
v 0 0.3750000000000009 0.5625000000000004
v 0 8.881784197001252e-16 0.5625000000000004
v -0.621320625 8.881784197001252e-16 0.5625000000000004
v -1.125 1.0340100000000008 0.5625
v -1.5 0.8786793750000009 0.5625
v -1.125 1.9659900000000008 0.5625
v -1.5 2.121320625000001 0.5625
v -0.46599 2.625000000000001 0.5624999999999996
v -0.621320625 3.000000000000001 0.5624999999999996
vt 0.312473359375 0.4609375
vt 0.2930571875 0.507812578125
vt 0.176559609375 0.507812578125
vt 0.157143359375 0.4609375
vt 0.312473515625 0.4609375
vt 0.2930571875 0.5078125
vt 0.1765596875 0.5078125
vt 0.157143359375 0.4609375
vt 0.312473359375 0.4609375
vt 0.2930571875 0.507812578125
vt 0.176559609375 0.507812578125
vt 0.157143359375 0.4609375
vt 0.2930571875 0.5078125
vt 0.2348084375 0.5078125
vt 0.2348084375 0.4609375
vt 0.312473515625 0.4609375
vn 0 -2.220446049250313e-16 -1
vn 0 -2.220446049250313e-16 -1
vn 0 -2.220446049250313e-16 -1
vn 0 -2.220446049250313e-16 -1
usemtl m_fb4282bc-10f8-24fc-5e12-044afee62972
f 514/1245/315 513/1246/315 511/1247/315 512/1248/315
f 512/1249/316 511/1250/316 509/1251/316 510/1252/316
f 510/1253/317 509/1254/317 505/1255/317 508/1256/317
f 505/1257/318 506/1258/318 507/1259/318 508/1260/318
o casing
v -0.595431875 2.9375 -2.2500000000000004
v -0.595431875 2.9375000000000004 -1.1250000000000004
v -0.621320625 3.0000000000000004 -1.1250000000000004
v -0.46599 2.625 -2.75
v -0.440101875 2.5625 -2.75
v -0.440101875 2.5625 -2.25
v -0.464019375 2.6202425000000003 -2.25
v -1.4375 0.9045681250000002 -2.25
v -1.4375 2.095431875 -2.25
v -1.4375 2.0954318750000005 -1.125
v -1.4375 0.9045681250000004 -1.125
v -0.595431875 0.06250000000000022 -2.25
v -0.595431875 0.06250000000000044 -1.1249999999999996
v -0.621320625 4.440892098500626e-16 -1.1249999999999996
v -1.5 0.8786793750000005 -1.125
v -1.5 2.1213206250000005 -1.125
v -0.46599 0.375 -2.75
v -1.125 1.03401 -2.75
v -1.125 1.9659900000000001 -2.75
v -0.440101875 0.4375 -2.75
v -1.0625 1.0598981250000001 -2.75
v -1.0625 1.0598981250000001 -2.25
v -0.440101875 0.4375000000000002 -2.25
v -1.0625 1.940101875 -2.75
v -1.0625 1.9401018750000003 -2.25
v -1.1202425 1.9640193750000003 -2.25
v -1.1202425 1.035980625 -2.25
v -0.464019375 0.3797575000000002 -2.25
v -1.5 2.121320625000001 0.5625
v -1.5 0.8786793750000009 0.5625
v -0.621320625 8.881784197001252e-16 0.5625000000000004
v 0 4.440892098500626e-16 -1.1249999999999996
v 0 8.881784197001252e-16 0.5625000000000004
v 0 0.06250000000000044 -1.1249999999999996
v 0 0.06250000000000022 -2.25
v 0 0.3797575000000002 -2.25
v 0 0.4375000000000002 -2.25
v 0 0.4375 -2.75
v 0 0.375 -2.75
v -0.621320625 3.000000000000001 0.5624999999999996
v -1.4375 2.0954318750000005 -1.125
v -1.4375 0.9045681250000004 -1.125
v -0.595431875 0.06250000000000044 -1.1249999999999996
v 0 0.06250000000000044 -1.1249999999999996
v -0.595431875 2.9375000000000004 -1.1250000000000004
vt 0.312040390625 0.734374921875
vt 0.312040390625 0.9453125
vt 0.15670984375 0.9453125
vt 0.15670984375 0.734374921875
vt 0.155790703125 0.734374921875
vt 0.155790703125 0.9453125
vt 0.00046015625 0.9453125
vt 0.00046015625 0.734374921875
vt 0.308383515625 0.59375
vt 0.308383515625 0.734375
vt 0.159525625 0.734375
vt 0.159525625 0.59375
vt 0.152133515625 0.59375
vt 0.152133515625 0.734375
vt 0.003275625 0.734375
vt 0.003275625 0.59375
vt 0.13654796875 0.554092734375
vt 0.020543046875 0.554092734375
vt 0.023532734375 0.546874921875
vt 0.13355828125 0.546874921875
vt 0.13654796875 0.554092734375
vt 0.020543046875 0.554092734375
vt 0.023532734375 0.546874921875
vt 0.13355828125 0.546874921875
vt 0.13654796875 0.554092734375
vt 0.020543046875 0.554092734375
vt 0.023532734375 0.546874921875
vt 0.13355828125 0.546874921875
vt 0.13654796875 0.554092734375
vt 0.078545546875 0.554092734375
vt 0.078545546875 0.546874921875
vt 0.13355828125 0.546874921875
vt 0.0231571875 0.484375
vt 0.01992109375 0.4765625
vt 0.136418671875 0.4765625
vt 0.13318265625 0.484375
vt 0.023157109375 0.484375
vt 0.01992109375 0.4765625
vt 0.13641859375 0.4765625
vt 0.133182578125 0.484375
vt 0.0231571875 0.484375
vt 0.01992109375 0.4765625
vt 0.136418671875 0.4765625
vt 0.13318265625 0.484375
vt 0.31204015625 0.7421875
vt 0.15671015625 0.7421875
vt 0.159946171875 0.734375
vt 0.30880421875 0.734375
vt 0.3120403125 0.7421875
vt 0.15671015625 0.7421875
vt 0.15994625 0.734375
vt 0.30880421875 0.734375
vt 0.15579015625 0.7421875
vt 0.00046015625 0.7421875
vt 0.003696171875 0.734375
vt 0.15255421875 0.734375
vt 0.152974609375 0.59375
vt 0.13654796875 0.554092734375
vt 0.020543046875 0.554092734375
vt 0.004116484375 0.59375
vt 0.152974609375 0.59375
vt 0.13654796875 0.554092734375
vt 0.020543046875 0.554092734375
vt 0.004116484375 0.59375
vt 0.152974609375 0.59375
vt 0.13654796875 0.554092734375
vt 0.020543046875 0.554092734375
vt 0.004116484375 0.59375
vt 0.15670984375 0.734374921875
vt 0.234375078125 0.734374921875
vt 0.234375078125 0.9453125
vt 0.15670984375 0.9453125
vt 0.00369625 0.734375
vt 0.078125234375 0.734375
vt 0.078125234375 0.7421875
vt 0.00046015625 0.7421875
vt 0.233954609375 0.59375
vt 0.233954609375 0.734375
vt 0.159525625 0.734375
vt 0.159525625 0.59375
vt 0.13654796875 0.554092734375
vt 0.078545546875 0.554092734375
vt 0.078545546875 0.59375
vt 0.152974609375 0.59375
vt 0.133527578125 0.484375
vt 0.07851484375 0.484375
vt 0.07851484375 0.4765625
vt 0.13676359375 0.4765625
vt 0.312040390625 0.734374921875
vt 0.312040390625 0.9453125
vt 0.15670984375 0.9453125
vt 0.15670984375 0.734374921875
vt 0.308383515625 0.59375
vt 0.308383515625 0.734375
vt 0.159525625 0.734375
vt 0.159525625 0.59375
vt 0.159525625 0.734375
vt 0.159525625 0.734375
vt 0.308383515625 0.734375
vt 0.308383515625 0.734375
vt 0.003275625 0.734375
vt 0.003275625 0.734375
vt 0.152133515625 0.734375
vt 0.152133515625 0.734375
vt 0.159525625 0.734375
vt 0.159525625 0.734375
vt 0.233954609375 0.734375
vt 0.233954609375 0.734375
vt 0.159525625 0.734375
vt 0.159525625 0.734375
vt 0.308383515625 0.734375
vt 0.308383515625 0.734375
vn -1 0 0
vn -0.7071067811865476 -0.7071067811865476 1.5700924586837752e-16
vn -1 0 0
vn -0.7071067811865476 -0.7071067811865476 1.5700924586837752e-16
vn 0 2.220446049250313e-16 1
vn 0 2.220446049250313e-16 1
vn 0 2.220446049250313e-16 1
vn 0 2.220446049250313e-16 1
vn 0 -2.220446049250313e-16 -1
vn 0 -2.220446049250313e-16 -1
vn 0 -2.220446049250313e-16 -1
vn 0 -2.220446049250313e-16 -1
vn 0 -2.220446049250313e-16 -1
vn 0 -2.220446049250313e-16 -1
vn 0 -2.220446049250313e-16 -1
vn 0 -2.220446049250313e-16 -1
vn 0 -2.220446049250313e-16 -1
vn 0 -1 2.220446049250313e-16
vn 0 -2.220446049250313e-16 -1
vn 0 -1 2.220446049250313e-16
vn 0 -2.220446049250313e-16 -1
vn 0 -2.220446049250313e-16 -1
vn -0.7071067811865476 0.7071067811865476 -1.5700924586837752e-16
vn -0.7071067811865476 0.7071067811865476 -1.5700924586837752e-16
vn 0 0 0
vn 0 0 0
vn 0 0 0
vn 0 0 0
usemtl m_fb4282bc-10f8-24fc-5e12-044afee62972
f 529/1261/319 544/1262/319 543/1263/319 530/1264/319
f 528/1265/320 545/1266/320 544/1267/320 529/1268/320
f 522/1269/321 556/1270/321 555/1271/321 523/1272/321
f 526/1273/322 557/1274/322 556/1275/322 522/1276/322
f 521/1277/323 540/1278/323 539/1279/323 520/1280/323
f 540/1281/324 541/1282/324 536/1283/324 539/1284/324
f 541/1285/325 542/1286/325 537/1287/325 536/1288/325
f 542/1289/326 550/1290/326 551/1291/326 537/1292/326
f 534/1293/327 531/1294/327 532/1295/327 535/1296/327
f 535/1297/328 532/1298/328 533/1299/328 538/1300/328
f 538/1301/329 533/1302/329 518/1303/329 519/1304/329
f 530/1305/330 517/1306/330 516/1307/330 524/1308/330
f 529/1309/331 530/1310/331 524/1311/331 525/1312/331
f 528/1313/332 529/1314/332 525/1315/332 527/1316/332
f 515/1317/333 521/1318/333 540/1319/333 523/1320/333
f 523/1321/334 540/1322/334 541/1323/334 522/1324/334
f 522/1325/335 541/1326/335 542/1327/335 526/1328/335
f 528/1329/336 546/1330/336 547/1331/336 545/1332/336
f 527/1333/337 548/1334/337 546/1335/337 528/1336/337
f 549/1337/338 558/1338/338 557/1339/338 526/1340/338
f 542/1341/339 550/1342/339 549/1343/339 526/1344/339
f 534/1345/340 552/1346/340 553/1347/340 531/1348/340
f 530/1349/341 543/1350/341 554/1351/341 517/1352/341
f 523/1353/342 555/1354/342 559/1355/342 515/1356/342
f 524/1357/343 555/1358/343 556/1359/343 525/1360/343
f 525/1361/344 556/1362/344 557/1363/344 527/1364/344
f 527/1365/345 557/1366/345 558/1367/345 548/1368/345
f 516/1369/346 559/1370/346 555/1371/346 524/1372/346
o zincs
v 0 4.440892098500626e-16 -1.1249999999999996
v 0 8.881784197001252e-16 0.5625000000000004
v 0 0.06250000000000044 -1.1249999999999996
v 0 0.06250000000000022 -2.25
v 0 0.3750000000000002 -2.25
v 0 0.37500000000000044 -1.1249999999999996
v 0 0.3750000000000009 0.5625000000000004
vt 0.2109375 0.3046875
vt 0.2109375 0.3515625
vt 0 0.3515625
vt 0 0.3046875
vt 0.3515625 0.3125
vt 0.3515625 0.3515625
vt 0.2109375 0.3515625
vt 0.2109375 0.3125
vn 1 0 0
vn 1 0 0
usemtl m_fb4282bc-10f8-24fc-5e12-044afee62972
f 560/1373/347 565/1374/347 566/1375/347 561/1376/347
f 563/1377/348 564/1378/348 565/1379/348 562/1380/348
o casing
v -0.595431875 2.9375 -2.2506250000000003
v -0.595431875 2.9375000000000004 -1.1250000000000004
v 0.595431875 2.9375000000000004 -1.1250000000000004
v 0.595431875 2.9375 -2.2506250000000003
v -0.621320625 3.0000000000000004 -1.1250000000000004
v 0.621320625 3.0000000000000004 -1.1250000000000004
v -0.46599 2.625 -2.75
v 0.46599 2.625 -2.75
v -1.375 2.0695437500000002 -1
v -1.375 0.9304562500000004 -1
v -0.56954375 2.8750000000000004 -1.0000000000000004
v 0.56954375 2.8750000000000004 -1.0000000000000004
v 1.375 2.0695437500000002 -1
v 1.375 0.9304562500000004 -1
v 0.56954375 0.12500000000000044 -0.9999999999999996
v -0.56954375 0.12500000000000044 -0.9999999999999996
v -0.440101875 2.5625 -2.75
v -0.440101875 2.5625 -2.25
v 0.440101875 2.5625 -2.25
v 0.440101875 2.5625 -2.75
v 0.5 1.2928931249999995 -4.9375
v 0.207106875 0.9999999999999997 -4.9375
v -0.207106875 0.9999999999999997 -4.9375
v -0.5 1.2928931249999995 -4.9375
v -0.5 1.7071068749999996 -4.9375
v -0.207106875 1.9999999999999996 -4.9375
v 0.207106875 1.9999999999999996 -4.9375
v 0.5 1.7071068749999996 -4.9375
v 0.1875 1.6874999999999996 -4.8125
v 0.1875 1.3124999999999996 -4.8125
v -0.1875 1.6874999999999996 -4.8125
v -0.1875 1.3124999999999996 -4.8125
v -1.375 2.069543750000001 1
v -1.375 0.9304562500000009 1
v -0.56954375 2.875000000000001 1
v 0.56954375 2.875000000000001 1
v 1.375 2.069543750000001 1
v 1.375 0.9304562500000009 1
v 0.56954375 0.1250000000000009 1
v -0.56954375 0.1250000000000009 1
v 0.464019375 2.6202425000000003 -2.2506250000000003
v -0.464019375 2.6202425000000003 -2.2506250000000003
v 0.621320625 3.000000000000001 0.5624999999999996
v -0.621320625 3.000000000000001 0.5624999999999996
vt 0.155790703125 0.734374921875
vt 0.155790703125 0.9453125
vt 0.00046015625 0.9453125
vt 0.00046015625 0.734374921875
vt 0.152133515625 0.734375
vt 0.003275625 0.734375
vt 0.003275625 0.59375
vt 0.152133515625 0.59375
vt 0.13654796875 0.554092734375
vt 0.020543046875 0.554092734375
vt 0.023532734375 0.546874921875
vt 0.13355828125 0.546874921875
vt 0.023157109375 0.484375
vt 0.01992109375 0.4765625
vt 0.13641859375 0.4765625
vt 0.133182578125 0.484375
vt 0.1557903125 0.7421875
vt 0.00046015625 0.7421875
vt 0.00369625 0.734375
vt 0.15255421875 0.734375
vt 0.152974609375 0.59375
vt 0.13654796875 0.554092734375
vt 0.020543046875 0.554092734375
vt 0.004116484375 0.59375
vn 0 1 -2.220446049250313e-16
vn 0 1 -2.220446049250313e-16
vn 0 0.010823282531954276 0.999941426562193
vn 0 -2.220446049250313e-16 -1
vn 0 -2.220446049250313e-16 -1
vn 0 -2.220446049250313e-16 -1
usemtl m_fb4282bc-10f8-24fc-5e12-044afee62972
f 571/1381/349 610/1382/349 609/1383/349 572/1384/349
f 568/1385/350 569/1386/350 570/1387/350 567/1388/350
f 607/1389/351 608/1390/351 584/1391/351 585/1392/351
f 583/1393/352 573/1394/352 574/1395/352 586/1396/352
f 571/1397/353 572/1398/353 569/1399/353 568/1400/353
f 570/1401/354 607/1402/354 608/1403/354 567/1404/354
o casing_interior
v 0.440101875 2.5625 -2.75
v 0.440101875 2.5625 -2.25
v 0.46599 2.625 -2.75
v -0.440101875 2.5625 -2.75
v -0.440101875 2.5625 -2.25
v -0.46599 2.625 -2.75
v 0.46599 2.625 -2.25
v -0.46599 2.625 -2.25
v 0.46599 2.625000000000001 0.5624999999999996
v -0.46599 2.625000000000001 0.5624999999999996
vt 0.13378875 0.484374921875
vt 0.13378875 0.546874921875
vt 0.023762890625 0.546874921875
vt 0.023762890625 0.484374921875
vt 0.324563671875 0.52343734375
vt 0.441061328125 0.52343734375
vt 0.441061328125 0.46093734374999995
vt 0.324563671875 0.46093734374999995
vt 0.441061328125 0.52343734375
vt 0.441061328125 0.874999921875
vt 0.324563671875 0.874999921875
vt 0.324563671875 0.52343734375
vn 0 -1 2.220446049250313e-16
vn 0 1 -2.220446049250313e-16
vn 0 -1 2.220446049250313e-16
usemtl m_fb4282bc-10f8-24fc-5e12-044afee62972
f 611/1405/355 612/1406/355 615/1407/355 614/1408/355
f 618/1409/356 617/1410/356 613/1411/356 616/1412/356
f 617/1413/357 619/1414/357 620/1415/357 618/1416/357
o trusses
v 0 2.5624999999999996 -2.75
v 0 2.5625 -2.5
v 0 2.2499999999999996 -2.75
v 0 2.2499999999999996 -2.5
vt 0.0625 0.8593746875
vt 0.0625 0.93749984375
vt 0 0.93749984375
vt 0 0.8593746875
vn 1 0 0
usemtl m_3ab80a02-cc98-38d4-3da0-6f15806ce6e7
f 623/1417/358 621/1418/358 622/1419/358 624/1420/358
o turbofan
v 0.5177675 0.2499987500000007 0.06250000000000044
v -0.5177675 0.2499987500000007 0.06250000000000044
v -0.5177675 0.24999875000000094 1
v 0.5177675 0.24999875000000094 1
v 1.25000125 0.9822325000000006 0.0625
v 1.25000125 0.9822325000000008 1
v 1.25000125 2.0177675000000006 0.0625
v 1.25000125 2.017767500000001 1
v 0.5177675 2.7500012500000004 0.062499999999999556
v 0.5177675 2.750001250000001 1
v -0.5177675 2.750001250000001 1
v -0.5177675 2.7500012500000004 0.062499999999999556
v -1.25000125 2.0177675000000006 0.0625
v -1.25000125 2.017767500000001 1
v -1.25000125 0.9822325000000006 0.0625
v -1.25000125 0.9822325000000008 1
v 0.625 1.7588837500000007 -0.0625
v 0.625 1.2411162500000006 -0.0625
v 0.625 1.2411162500000006 0.0625
v 0.625 1.7588837500000007 0.0625
v 0.25888375 2.125000000000001 -0.0625
v 0.25888375 2.125000000000001 0.0625
v -0.25888375 2.125000000000001 0.0625
v -0.25888375 2.125000000000001 -0.0625
v -0.625 1.7588837500000007 -0.0625
v -0.625 1.7588837500000007 0.0625
v -0.625 1.2411162500000006 -0.0625
v -0.625 1.2411162500000006 0.0625
v -0.25888375 0.8750000000000007 -0.0625
v -0.25888375 0.8750000000000007 0.0625
v 0.25888375 0.8750000000000007 -0.0625
v 0.25888375 0.8750000000000007 0.0625
v 0.75 1.1893400000000007 -0.0625
v 0.31066 0.7500000000000007 -0.0625
v 0.31066 0.7500000000000007 0.0625
v 0.75 1.1893400000000007 0.0625
v 0.75 1.8106600000000006 -0.0625
v 0.75 1.8106600000000006 0.0625
v 0.31066 2.250000000000001 -0.0625
v 0.31066 2.250000000000001 0.0625
v -0.31066 2.250000000000001 0.0625
v -0.31066 2.250000000000001 -0.0625
v -0.75 1.8106600000000006 -0.0625
v -0.75 1.8106600000000006 0.0625
v -0.75 1.1893400000000007 -0.0625
v -0.75 1.1893400000000007 0.0625
v -0.31066 0.7500000000000007 -0.0625
v -0.31066 0.7500000000000007 0.0625
v 1.18750125 1.0081206250000008 0.5625
v 0.491879375 0.31249875000000094 0.5625000000000004
v 0.491879375 0.31249875000000094 1
v 1.18750125 1.008120625000001 1
v -0.491879375 0.31249875000000094 0.5625000000000004
v -0.491879375 0.31249875000000094 1
v 1.18750125 1.9918793750000008 0.5625
v 1.18750125 1.9918793750000008 1
v 0.491879375 2.687501250000001 0.5624999999999996
v 0.491879375 2.687501250000001 1
v -0.491879375 2.687501250000001 1
v -0.491879375 2.687501250000001 0.5624999999999996
v -1.18750125 1.9918793750000008 0.5625
v -1.18750125 1.9918793750000008 1
v -1.18750125 1.0081206250000008 0.5625
v -1.18750125 1.008120625000001 1
vt 0.588158671875 0.882812421875
vt 0.588158671875 1
vt 0.45871640625 1
vt 0.45871640625 0.882812421875
vt 0.588158671875 0.882812421875
vt 0.588158671875 1
vt 0.45871640625 1
vt 0.45871640625 0.882812421875
vt 0.45871640625 0.882812421875
vt 0.588158671875 0.882812421875
vt 0.588158671875 1
vt 0.45871640625 1
vt 0.588158671875 0.882812421875
vt 0.588158671875 1
vt 0.45871640625 1
vt 0.45871640625 0.882812421875
vt 0.588158671875 0.882812421875
vt 0.588158671875 1
vt 0.45871640625 1
vt 0.45871640625 0.882812421875
vt 0.588158671875 0.882812421875
vt 0.588158671875 1
vt 0.45871640625 1
vt 0.45871640625 0.882812421875
vt 0.588158671875 0.882812421875
vt 0.588158671875 1
vt 0.45871640625 1
vt 0.45871640625 0.882812421875
vt 0.588158671875 0.882812421875
vt 0.588158671875 1
vt 0.45871640625 1
vt 0.45871640625 0.882812421875
vt 0.5623125 0.820312421875
vt 0.48464765625 0.820312421875
vt 0.48464765625 0.8359375
vt 0.5623125 0.8359375
vt 0.5623125 0.820312421875
vt 0.48464765625 0.820312421875
vt 0.48464765625 0.8359375
vt 0.5623125 0.8359375
vt 0.48464765625 0.820312421875
vt 0.48464765625 0.8359375
vt 0.5623125 0.8359375
vt 0.5623125 0.820312421875
vt 0.5623125 0.820312421875
vt 0.48464765625 0.820312421875
vt 0.48464765625 0.8359375
vt 0.5623125 0.8359375
vt 0.5623125 0.820312421875
vt 0.48464765625 0.820312421875
vt 0.48464765625 0.8359375
vt 0.5623125 0.8359375
vt 0.5623125 0.820312421875
vt 0.48464765625 0.820312421875
vt 0.48464765625 0.8359375
vt 0.5623125 0.8359375
vt 0.5623125 0.820312421875
vt 0.48464765625 0.820312421875
vt 0.48464765625 0.8359375
vt 0.5623125 0.8359375
vt 0.5623125 0.820312421875
vt 0.48464765625 0.820312421875
vt 0.48464765625 0.8359375
vt 0.5623125 0.8359375
vt 0.48464765625 0.8203125
vt 0.48464765625 0.804687421875
vt 0.5623125 0.804687421875
vt 0.5623125 0.8203125
vt 0.48464765625 0.8203125
vt 0.48464765625 0.804687421875
vt 0.5623125 0.804687421875
vt 0.5623125 0.8203125
vt 0.5623125 0.8203125
vt 0.48464765625 0.8203125
vt 0.48464765625 0.804687421875
vt 0.5623125 0.804687421875
vt 0.48464765625 0.8203125
vt 0.48464765625 0.804687421875
vt 0.5623125 0.804687421875
vt 0.5623125 0.8203125
vt 0.48464765625 0.8203125
vt 0.48464765625 0.804687421875
vt 0.5623125 0.804687421875
vt 0.5623125 0.8203125
vt 0.48464765625 0.8203125
vt 0.48464765625 0.804687421875
vt 0.5623125 0.804687421875
vt 0.5623125 0.8203125
vt 0.48464765625 0.8203125
vt 0.48464765625 0.804687421875
vt 0.5623125 0.804687421875
vt 0.5623125 0.8203125
vt 0.48464765625 0.8203125
vt 0.48464765625 0.804687421875
vt 0.5623125 0.804687421875
vt 0.5623125 0.8203125
vt 0.46194921875 0.8828125
vt 0.58491875 0.8828125
vt 0.58491875 0.835937421875
vt 0.46194921875 0.835937421875
vt 0.46194921875 0.8828125
vt 0.58491875 0.8828125
vt 0.58491875 0.835937421875
vt 0.46194921875 0.835937421875
vt 0.58491875 0.8828125
vt 0.58491875 0.835937421875
vt 0.46194921875 0.835937421875
vt 0.46194921875 0.8828125
vt 0.46194921875 0.8828125
vt 0.58491875 0.8828125
vt 0.58491875 0.835937421875
vt 0.46194921875 0.835937421875
vt 0.46194921875 0.8828125
vt 0.58491875 0.8828125
vt 0.58491875 0.835937421875
vt 0.46194921875 0.835937421875
vt 0.46194921875 0.8828125
vt 0.58491875 0.8828125
vt 0.58491875 0.835937421875
vt 0.46194921875 0.835937421875
vt 0.46194921875 0.8828125
vt 0.58491875 0.8828125
vt 0.58491875 0.835937421875
vt 0.46194921875 0.835937421875
vt 0.46194921875 0.8828125
vt 0.58491875 0.8828125
vt 0.58491875 0.835937421875
vt 0.46194921875 0.835937421875
vt 0.461952421875 0.890625
vt 0.584922265625 0.890625
vt 0.58815828125 0.8828125
vt 0.45871640625 0.8828125
vt 0.461952421875 0.890625
vt 0.584922265625 0.890625
vt 0.58815828125 0.8828125
vt 0.45871640625 0.8828125
vt 0.461952421875 0.890625
vt 0.584922265625 0.890625
vt 0.58815828125 0.8828125
vt 0.45871640625 0.8828125
vt 0.461952421875 0.890625
vt 0.584922265625 0.890625
vt 0.58815828125 0.8828125
vt 0.45871640625 0.8828125
vt 0.461952421875 0.890625
vt 0.584922265625 0.890625
vt 0.58815828125 0.8828125
vt 0.45871640625 0.8828125
vt 0.461952421875 0.890625
vt 0.584922265625 0.890625
vt 0.58815828125 0.8828125
vt 0.45871640625 0.8828125
vt 0.584922265625 0.890625
vt 0.58815828125 0.8828125
vt 0.45871640625 0.8828125
vt 0.461952421875 0.890625
vt 0.461952421875 0.890625
vt 0.584922265625 0.890625
vt 0.58815828125 0.8828125
vt 0.45871640625 0.8828125
vt 0.4911203125 0.820312109375
vt 0.48464765625 0.804687109375
vt 0.56231328125 0.804687109375
vt 0.555840625 0.820312109375
vt 0.555840625 0.8203125
vt 0.562312265625 0.804687109375
vt 0.48464765625 0.804687109375
vt 0.491119375 0.8203125
vt 0.555840625 0.820312109375
vt 0.56231328125 0.804687109375
vt 0.48464765625 0.804687109375
vt 0.4911203125 0.820312109375
vt 0.555840625 0.8203125
vt 0.562312265625 0.804687109375
vt 0.48464765625 0.804687109375
vt 0.491119375 0.8203125
vt 0.555840625 0.820312109375
vt 0.56231328125 0.804687109375
vt 0.48464765625 0.804687109375
vt 0.4911203125 0.820312109375
vt 0.555840625 0.8203125
vt 0.562312265625 0.804687109375
vt 0.48464765625 0.804687109375
vt 0.491119375 0.8203125
vt 0.555840625 0.8203125
vt 0.56231328125 0.8046875
vt 0.48464765625 0.8046875
vt 0.4911203125 0.8203125
vt 0.555840625 0.8203125
vt 0.562312265625 0.804687109375
vt 0.48464765625 0.804687109375
vt 0.491119375 0.8203125
vn -1 0 0
vn -0.7071067811865476 0.7071067811865476 -1.5700924586837752e-16
vn 0 1 -2.220446049250313e-16
vn 0.7071067811865476 0.7071067811865476 -1.5700924586837752e-16
vn 1 0 0
vn 0.7071067811865476 -0.7071067811865476 1.5700924586837752e-16
vn 0 -1 2.220446049250313e-16
vn -0.7071067811865476 -0.7071067811865476 1.5700924586837752e-16
vn 1 0 0
vn 0.7071067811865476 -0.7071067811865476 1.5700924586837752e-16
vn 0 -1 2.220446049250313e-16
vn -0.7071067811865476 -0.7071067811865476 1.5700924586837752e-16
vn -1 0 0
vn -0.7071067811865476 0.7071067811865476 -1.5700924586837752e-16
vn 0 1 -2.220446049250313e-16
vn 0.7071067811865476 0.7071067811865476 -1.5700924586837752e-16
vn -1 0 0
vn -0.7071067811865476 0.7071067811865476 -1.5700924586837752e-16
vn 0 1 -2.220446049250313e-16
vn 0.7071067811865476 0.7071067811865476 -1.5700924586837752e-16
vn 1 0 0
vn 0.7071067811865476 -0.7071067811865476 1.5700924586837752e-16
vn 0 -1 2.220446049250313e-16
vn -0.7071067811865476 -0.7071067811865476 1.5700924586837752e-16
vn 1 0 0
vn 0.7071067811865476 -0.7071067811865476 1.5700924586837752e-16
vn 0 -1 2.220446049250313e-16
vn -0.7071067811865476 -0.7071067811865476 1.5700924586837752e-16
vn -1 0 0
vn -0.7071067811865476 0.7071067811865476 -1.5700924586837752e-16
vn 0 1 -2.220446049250313e-16
vn 0.7071067811865476 0.7071067811865476 -1.5700924586837752e-16
vn 0 2.220446049250313e-16 1
vn 0 2.220446049250313e-16 1
vn 0 2.220446049250313e-16 1
vn 0 2.220446049250313e-16 1
vn 0 2.220446049250313e-16 1
vn 0 2.220446049250313e-16 1
vn 0 2.220446049250313e-16 1
vn 0 2.220446049250313e-16 1
vn 0 -2.220446049250313e-16 -1
vn 0 -2.220446049250313e-16 -1
vn 0 -2.220446049250313e-16 -1
vn 0 -2.220446049250313e-16 -1
vn 0 -2.220446049250313e-16 -1
vn 0 -2.220446049250313e-16 -1
vn 0 -2.220446049250313e-16 -1
vn 0 -2.220446049250313e-16 -1
usemtl m_fb4282bc-10f8-24fc-5e12-044afee62972
f 638/1421/359 637/1422/359 639/1423/359 640/1424/359
f 635/1425/360 636/1426/360 637/1427/360 638/1428/360
f 635/1429/361 634/1430/361 633/1431/361 636/1432/361
f 632/1433/362 631/1434/362 633/1435/362 634/1436/362
f 630/1437/363 629/1438/363 631/1439/363 632/1440/363
f 628/1441/364 625/1442/364 629/1443/364 630/1444/364
f 627/1445/365 626/1446/365 625/1447/365 628/1448/365
f 640/1449/366 639/1450/366 626/1451/366 627/1452/366
f 651/1453/367 649/1454/367 650/1455/367 652/1456/367
f 649/1457/368 648/1458/368 647/1459/368 650/1460/368
f 645/1461/369 646/1462/369 647/1463/369 648/1464/369
f 645/1465/370 641/1466/370 644/1467/370 646/1468/370
f 641/1469/371 642/1470/371 643/1471/371 644/1472/371
f 642/1473/372 655/1474/372 656/1475/372 643/1476/372
f 655/1477/373 653/1478/373 654/1479/373 656/1480/373
f 653/1481/374 651/1482/374 652/1483/374 654/1484/374
f 668/1485/375 667/1486/375 669/1487/375 670/1488/375
f 665/1489/376 666/1490/376 667/1491/376 668/1492/376
f 665/1493/377 664/1494/377 663/1495/377 666/1496/377
f 662/1497/378 661/1498/378 663/1499/378 664/1500/378
f 660/1501/379 657/1502/379 661/1503/379 662/1504/379
f 659/1505/380 658/1506/380 657/1507/380 660/1508/380
f 672/1509/381 671/1510/381 658/1511/381 659/1512/381
f 670/1513/382 669/1514/382 671/1515/382 672/1516/382
f 687/1517/383 685/1518/383 686/1519/383 688/1520/383
f 685/1521/384 684/1522/384 683/1523/384 686/1524/384
f 681/1525/385 682/1526/385 683/1527/385 684/1528/385
f 681/1529/386 679/1530/386 680/1531/386 682/1532/386
f 679/1533/387 673/1534/387 676/1535/387 680/1536/387
f 673/1537/388 674/1538/388 675/1539/388 676/1540/388
f 674/1541/389 677/1542/389 678/1543/389 675/1544/389
f 677/1545/390 687/1546/390 688/1547/390 678/1548/390
f 683/1549/391 682/1550/391 634/1551/391 635/1552/391
f 682/1553/392 680/1554/392 632/1555/392 634/1556/392
f 680/1557/393 676/1558/393 630/1559/393 632/1560/393
f 676/1561/394 675/1562/394 628/1563/394 630/1564/394
f 675/1565/395 678/1566/395 627/1567/395 628/1568/395
f 678/1569/396 688/1570/396 640/1571/396 627/1572/396
f 686/1573/397 638/1574/397 640/1575/397 688/1576/397
f 686/1577/398 683/1578/398 635/1579/398 638/1580/398
f 648/1581/399 666/1582/399 663/1583/399 645/1584/399
f 649/1585/400 667/1586/400 666/1587/400 648/1588/400
f 651/1589/401 669/1590/401 667/1591/401 649/1592/401
f 653/1593/402 671/1594/402 669/1595/402 651/1596/402
f 655/1597/403 658/1598/403 671/1599/403 653/1600/403
f 642/1601/404 657/1602/404 658/1603/404 655/1604/404
f 641/1605/405 661/1606/405 657/1607/405 642/1608/405
f 645/1609/406 663/1610/406 661/1611/406 641/1612/406
o chasis_selection
v 0.62500125 1.24111625 -1.875
v 0 1.5 -1.875
v 0.62500125 1.75888375 -1.875
v 0.25888375 2.12500125 -1.875
v -0.25888375 2.12500125 -1.875
v -0.62500125 1.75888375 -1.875
v -0.62500125 1.24111625 -1.875
v -0.25888375 0.87499875 -1.875
v 0.25888375 0.87499875 -1.875
vt 0.84375 0.652300390625
vt 0.921875 0.6846609375
vt 0.921875 0.61993984375
vt 0.84375 0.652300390625
vt 0.921875 0.6846609375
vt 0.921875 0.61993984375
vt 0.84375 0.652300390625
vt 0.921875 0.6846609375
vt 0.921875 0.61993984375
vt 0.84375 0.652300390625
vt 0.921875 0.6846609375
vt 0.921875 0.61993984375
vt 0.84375 0.652300390625
vt 0.921875 0.6846609375
vt 0.921875 0.61993984375
vt 0.84375 0.652300390625
vt 0.921875 0.6846609375
vt 0.921875 0.61993984375
vt 0.84375 0.652300390625
vt 0.921875 0.6846609375
vt 0.921875 0.61993984375
vt 0.84375 0.652300390625
vt 0.921875 0.6846609375
vt 0.921875 0.61993984375
vn 0 0 1
vn 0 0 1
vn 0 0 1
vn 0 0 1
vn 0 0 1
vn 0 0 1
vn 0 0 1
vn 0 0 1
usemtl m_fb4282bc-10f8-24fc-5e12-044afee62972
f 690/1613/407 696/1614/407 697/1615/407
f 690/1616/408 697/1617/408 689/1618/408
f 690/1619/409 689/1620/409 691/1621/409
f 690/1622/410 691/1623/410 692/1624/410
f 690/1625/411 692/1626/411 693/1627/411
f 690/1628/412 693/1629/412 694/1630/412
f 690/1631/413 694/1632/413 695/1633/413
f 690/1634/414 695/1635/414 696/1636/414
o mid
v 0.4375 1.9375 0.0625
v 0.4375 1.0625 0.0625
v 0.4375 1.0625 -1.875
v 0.4375 1.9375 -1.875
v -0.4375 1.9375 0.0625
v -0.4375 1.9375 -1.875
v -0.4375 1.0625 0.0625
v -0.4375 1.0625 -1.875
vt 0.59375 0.7578125
vt 0.703125 0.7578125
vt 0.703125 1
vt 0.59375 1
vt 0.59375 1
vt 0.703125 1
vt 0.703125 0.7578125
vt 0.59375 0.7578125
vt 0.59375 0.7578125
vt 0.703125 0.7578125
vt 0.703125 1
vt 0.59375 1
vt 0.59375 1
vt 0.703125 1
vt 0.703125 0.7578125
vt 0.59375 0.7578125
vn 1 0 0
vn 0 1 0
vn -1 0 0
vn 0 -1 0
usemtl m_fb4282bc-10f8-24fc-5e12-044afee62972
f 698/1637/415 699/1638/415 700/1639/415 701/1640/415
f 702/1641/416 698/1642/416 701/1643/416 703/1644/416
f 704/1645/417 702/1646/417 703/1647/417 705/1648/417
f 699/1649/418 704/1650/418 705/1651/418 700/1652/418
o midjunk
v 0.5 2 0.0625
v 0.5 1 0.0625
v 0.5 1 -1.875
v 0.5 2 -1.875
v -0.5 2 0.0625
v -0.5 2 -1.875
v -0.5 1 0.0625
v -0.5 1 -1.875
vt 0.75 0
vt 1 0
vt 1 0.484375
vt 0.75 0.484375
vt 0.5 0
vt 0.75 0
vt 0.75 0.484375
vt 0.5 0.484375
vt 1 0
vt 0.75 0
vt 0.75 0.484375
vt 1 0.484375
vt 0.25 0
vt 0.5 0
vt 0.5 0.484375
vt 0.25 0.484375
vn 1 0 0
vn 0 1 0
vn -1 0 0
vn 0 -1 0
usemtl m_3ab80a02-cc98-38d4-3da0-6f15806ce6e7
f 706/1653/419 707/1654/419 708/1655/419 709/1656/419
f 710/1657/420 706/1658/420 709/1659/420 711/1660/420
f 712/1661/421 710/1662/421 711/1663/421 713/1664/421
f 707/1665/422 712/1666/422 713/1667/422 708/1668/422
o junkpopout
v 0.625 1.375 0.0625
v 0.4375 1.375 0.0625
v 0.4375 1.375 -0.5
v 0.625 1.375 -0.5
v 0.625 1.75 0.0625
v 0.625 1.75 -0.5
v 0.4375 1.75 0.0625
v 0.4375 1.75 -0.5
v 0.4375 1.5625 -0.5
v 0.5625 1.5625 -0.5
v 0.5625 1.5625 -1.25
v 0.4375 1.5625 -1.25
v 0.5625 1.4375 -0.5
v 0.5625 1.4375 -1.25
v 0.4375 1.4375 -0.5
v 0.4375 1.4375 -1.25
v 0.5625 1.3125 0.0625
v 0.5625 1.1875 0.0625
v 0.5625 1.1875 -1.875
v 0.5625 1.3125 -1.875
v 0.4375 1.3125 0.0625
v 0.4375 1.3125 -1.875
v 0.4375 1.1875 0.0625
v 0.4375 1.1875 -1.875
v 0.625 1.6875 -1.25
v 0.625 1.3125 -1.25
v 0.625 1.3125 -1.625
v 0.625 1.6875 -1.625
v 0.4375 1.3125 -1.25
v 0.4375 1.3125 -1.625
v 0.4375 1.6875 -1.625
v 0.4375 1.6875 -1.25
v 0.5625 1.6875 -0.5
v 0.5625 1.5625 -0.5
v 0.5625 1.5625 -1
v 0.5625 1.6875 -1
v 0.4375 1.6875 -0.5
v 0.4375 1.6875 -1
v -0.5625 2.0625 -0.875
v 0.5625 2.0625 -0.875
v 0.5625 2.0625 -1
v -0.5625 2.0625 -1
v 0.5625 1.9375 -1
v -0.5625 1.9375 -1
v -0.5625 1.9375 -0.875
v 0.5625 1.9375 -0.875
v 0.5625 1.5625 -1
v 0.4375 1.5625 -1
v 0.5625 1.9375 -1
v 0.4375 1.9375 -1
v 0.5625 2.0625 -0.875
v 0.5625 1.6875 -0.875
v 0.5625 2.0625 -1
v 0.5625 1.6875 -1
v 0.5625 1.6875 -0.875
v 0.4375 1.6875 -0.875
v 0.5625 1.9375 -0.875
v 0.4375 1.9375 -0.875
v 0.5625 1.1875 -1.0625
v 0.5625 0.9375 -1.0625
v 0.5625 1.1875 -1.1875
v 0.5625 0.9375 -1.1875
v 0.5625 1.0625 -1.0625
v 0.4375 1.0625 -1.0625
v 0.5625 1.1875 -1.0625
v 0.4375 1.1875 -1.0625
v 0.5625 1.0625 -1.1875
v 0.4375 1.0625 -1.1875
v 0.5625 1.1875 -1.1875
v 0.4375 1.1875 -1.1875
v 0.5625 0.9375 -1.1875
v -0.5625 0.9375 -1.1875
v 0.5625 1.0625 -1.1875
v -0.5625 1.0625 -1.1875
v -0.5625 1.0625 -1.0625
v 0.5625 1.0625 -1.0625
v -0.5625 0.9375 -1.0625
v 0.5625 0.9375 -1.0625
v -0.5625 0.9375 -1.0625
v 0.5625 0.9375 -1.0625
v 0.5625 0.9375 -1.1875
v -0.5625 0.9375 -1.1875
v 0.5625 1.1875 -0.4375
v 0.5625 0.9375 -0.4375
v 0.5625 1.1875 -0.5625
v 0.5625 0.9375 -0.5625
v 0.5625 1.0625 -0.5625
v 0.4375 1.0625 -0.5625
v 0.5625 1.1875 -0.5625
v 0.4375 1.1875 -0.5625
v 0.5625 1.0625 -0.4375
v 0.4375 1.0625 -0.4375
v 0.5625 1.1875 -0.4375
v 0.4375 1.1875 -0.4375
v 0.5625 0.9375 -0.5625
v -0.5625 0.9375 -0.5625
v 0.5625 1.0625 -0.5625
v -0.5625 1.0625 -0.5625
v -0.5625 0.9375 -0.4375
v 0.5625 0.9375 -0.4375
v -0.5625 1.0625 -0.4375
v 0.5625 1.0625 -0.4375
v 0.5625 0.9375 -0.4375
v -0.5625 0.9375 -0.4375
v 0.5625 0.9375 -0.5625
v -0.5625 0.9375 -0.5625
v 0.5625 1.625 -1.625
v 0.5625 1.375 -1.625
v 0.5625 1.375 -1.875
v 0.5625 1.625 -1.875
v 0.4375 1.625 -1.625
v 0.4375 1.625 -1.875
v 0.4375 1.375 -1.625
v 0.4375 1.375 -1.875
v -0.625 1.75 0.0625
v -0.625 1.375 0.0625
v -0.625 1.375 -0.5
v -0.625 1.75 -0.5
v -0.4375 1.75 0.0625
v -0.4375 1.75 -0.5
v -0.4375 1.375 0.0625
v -0.4375 1.375 -0.5
v -0.5625 1.5625 -0.5
v -0.5625 1.4375 -0.5
v -0.5625 1.4375 -1.25
v -0.5625 1.5625 -1.25
v -0.4375 1.5625 -0.5
v -0.4375 1.5625 -1.25
v -0.4375 1.4375 -0.5
v -0.4375 1.4375 -1.25
v -0.5625 1.3125 0.0625
v -0.5625 1.1875 0.0625
v -0.5625 1.1875 -1.875
v -0.5625 1.3125 -1.875
v -0.4375 1.3125 0.0625
v -0.4375 1.3125 -1.875
v -0.4375 1.1875 0.0625
v -0.4375 1.1875 -1.875
v -0.625 1.6875 -1.25
v -0.625 1.3125 -1.25
v -0.625 1.3125 -1.625
v -0.625 1.6875 -1.625
v -0.4375 1.6875 -1.25
v -0.4375 1.6875 -1.625
v -0.4375 1.3125 -1.25
v -0.4375 1.3125 -1.625
v -0.5625 1.6875 -0.5
v -0.5625 1.5625 -0.5
v -0.5625 1.5625 -1
v -0.5625 1.6875 -1
v -0.4375 1.6875 -0.5
v -0.4375 1.6875 -1
v -0.5625 1.5625 -1
v -0.4375 1.5625 -1
v -0.5625 1.9375 -1
v -0.4375 1.9375 -1
v -0.5625 2.0625 -0.875
v -0.5625 1.6875 -0.875
v -0.5625 2.0625 -1
v -0.5625 1.6875 -1
v -0.5625 1.6875 -0.875
v -0.4375 1.6875 -0.875
v -0.5625 1.9375 -0.875
v -0.4375 1.9375 -0.875
v -0.5625 1.0625 -1.1875
v -0.4375 1.0625 -1.1875
v -0.5625 1.1875 -1.1875
v -0.4375 1.1875 -1.1875
v -0.5625 1.1875 -1.0625
v -0.5625 0.9375 -1.0625
v -0.5625 1.1875 -1.1875
v -0.5625 0.9375 -1.1875
v -0.5625 1.0625 -1.0625
v -0.4375 1.0625 -1.0625
v -0.5625 1.1875 -1.0625
v -0.4375 1.1875 -1.0625
v -0.5625 1.0625 -0.5625
v -0.4375 1.0625 -0.5625
v -0.5625 1.1875 -0.5625
v -0.4375 1.1875 -0.5625
v -0.5625 1.1875 -0.4375
v -0.5625 0.9375 -0.4375
v -0.5625 1.1875 -0.5625
v -0.5625 0.9375 -0.5625
v -0.5625 1.0625 -0.4375
v -0.4375 1.0625 -0.4375
v -0.5625 1.1875 -0.4375
v -0.4375 1.1875 -0.4375
v -0.5625 1.625 -1.625
v -0.5625 1.375 -1.625
v -0.5625 1.375 -1.875
v -0.5625 1.625 -1.875
v -0.4375 1.625 -1.625
v -0.4375 1.625 -1.875
v -0.4375 1.375 -1.625
v -0.4375 1.375 -1.875
vt 0.5 0.703125
vt 0.546875 0.703125
vt 0.546875 0.7734375
vt 0.5 0.7734375
vt 0.4765625 0.6328125
vt 0.453125 0.6328125
vt 0.453125 0.703125
vt 0.4765625 0.703125
vt 0.453125 0.6328125
vt 0.4765625 0.6328125
vt 0.4765625 0.703125
vt 0.453125 0.703125
vt 0.5 0.75
vt 0.453125 0.75
vt 0.453125 0.7734375
vt 0.5 0.7734375
vt 0.546875 0.6328125
vt 0.5625 0.6328125
vt 0.5625 0.7265625
vt 0.546875 0.7265625
vt 0.5625 0.6328125
vt 0.546875 0.6328125
vt 0.546875 0.7265625
vt 0.5625 0.7265625
vt 0.546875 0.6328125
vt 0.5625 0.6328125
vt 0.5625 0.7265625
vt 0.546875 0.7265625
vt 0.578125 0.484375
vt 0.59375 0.484375
vt 0.59375 0.7265625
vt 0.578125 0.7265625
vt 0.59375 0.484375
vt 0.578125 0.484375
vt 0.578125 0.7265625
vt 0.59375 0.7265625
vt 0.59375 0.484375
vt 0.578125 0.484375
vt 0.578125 0.7265625
vt 0.59375 0.7265625
vt 0.546875 0.7265625
vt 0.546875 0.75
vt 0.59375 0.75
vt 0.59375 0.7265625
vt 0.546875 0.75
vt 0.546875 0.7265625
vt 0.59375 0.7265625
vt 0.59375 0.75
vt 0.59375 0.75
vt 0.546875 0.75
vt 0.546875 0.7734375
vt 0.59375 0.7734375
vt 0.546875 0.7734375
vt 0.59375 0.7734375
vt 0.59375 0.75
vt 0.546875 0.75
vt 0.53125 0.6328125
vt 0.546875 0.6328125
vt 0.546875 0.6953125
vt 0.53125 0.6953125
vt 0.546875 0.6328125
vt 0.53125 0.6328125
vt 0.53125 0.6953125
vt 0.546875 0.6953125
vt 0.59375 0.7734375
vt 0.453125 0.7734375
vt 0.453125 0.7890625
vt 0.59375 0.7890625
vt 0.453125 0.8046875
vt 0.453125 0.7890625
vt 0.59375 0.7890625
vt 0.59375 0.8046875
vt 0.453125 0.8046875
vt 0.453125 0.7890625
vt 0.59375 0.7890625
vt 0.59375 0.8046875
vt 0.4921875 0.703125
vt 0.4921875 0.65625
vt 0.5078125 0.65625
vt 0.5078125 0.703125
vt 0.4921875 0.703125
vt 0.4765625 0.703125
vt 0.4765625 0.65625
vt 0.4921875 0.65625
vt 0.5078125 0.671875
vt 0.4921875 0.671875
vt 0.4921875 0.703125
vt 0.5078125 0.703125
vt 0.5078125 0.703125
vt 0.5078125 0.6875
vt 0.5234375 0.6875
vt 0.5234375 0.703125
vt 0.5234375 0.703125
vt 0.5078125 0.703125
vt 0.5078125 0.671875
vt 0.5234375 0.671875
vt 0.5234375 0.6875
vt 0.5078125 0.6875
vt 0.5078125 0.703125
vt 0.5234375 0.703125
vt 0.578125 0.7265625
vt 0.5625 0.7265625
vt 0.5625 0.5859375
vt 0.578125 0.5859375
vt 0.578125 0.5859375
vt 0.5625 0.5859375
vt 0.5625 0.7265625
vt 0.578125 0.7265625
vt 0.578125 0.5859375
vt 0.5625 0.5859375
vt 0.5625 0.7265625
vt 0.578125 0.7265625
vt 0.5078125 0.703125
vt 0.5078125 0.6875
vt 0.5234375 0.6875
vt 0.5234375 0.703125
vt 0.5234375 0.703125
vt 0.5078125 0.703125
vt 0.5078125 0.671875
vt 0.5234375 0.671875
vt 0.5234375 0.6875
vt 0.5078125 0.6875
vt 0.5078125 0.703125
vt 0.5234375 0.703125
vt 0.578125 0.7265625
vt 0.5625 0.7265625
vt 0.5625 0.5859375
vt 0.578125 0.5859375
vt 0.578125 0.5859375
vt 0.5625 0.5859375
vt 0.5625 0.7265625
vt 0.578125 0.7265625
vt 0.578125 0.5859375
vt 0.5625 0.5859375
vt 0.5625 0.7265625
vt 0.578125 0.7265625
vt 0.5078125 0.734375
vt 0.5390625 0.734375
vt 0.5390625 0.703125
vt 0.5078125 0.703125
vt 0.4765625 0.6640625
vt 0.4609375 0.6640625
vt 0.4609375 0.6328125
vt 0.4765625 0.6328125
vt 0.4609375 0.6640625
vt 0.4765625 0.6640625
vt 0.4765625 0.6328125
vt 0.4609375 0.6328125
vt 0.546875 0.7734375
vt 0.546875 0.703125
vt 0.5 0.703125
vt 0.5 0.7734375
vt 0.453125 0.703125
vt 0.453125 0.6328125
vt 0.4765625 0.6328125
vt 0.4765625 0.703125
vt 0.4765625 0.703125
vt 0.4765625 0.6328125
vt 0.453125 0.6328125
vt 0.453125 0.703125
vt 0.453125 0.7734375
vt 0.453125 0.75
vt 0.5 0.75
vt 0.5 0.7734375
vt 0.5625 0.7265625
vt 0.5625 0.6328125
vt 0.546875 0.6328125
vt 0.546875 0.7265625
vt 0.546875 0.7265625
vt 0.546875 0.6328125
vt 0.5625 0.6328125
vt 0.5625 0.7265625
vt 0.5625 0.7265625
vt 0.5625 0.6328125
vt 0.546875 0.6328125
vt 0.546875 0.7265625
vt 0.59375 0.7265625
vt 0.59375 0.484375
vt 0.578125 0.484375
vt 0.578125 0.7265625
vt 0.578125 0.7265625
vt 0.578125 0.484375
vt 0.59375 0.484375
vt 0.59375 0.7265625
vt 0.578125 0.7265625
vt 0.578125 0.484375
vt 0.59375 0.484375
vt 0.59375 0.7265625
vt 0.5 0.75
vt 0.5 0.703125
vt 0.453125 0.703125
vt 0.453125 0.75
vt 0.59375 0.75
vt 0.546875 0.75
vt 0.546875 0.7265625
vt 0.59375 0.7265625
vt 0.59375 0.7265625
vt 0.546875 0.7265625
vt 0.546875 0.75
vt 0.59375 0.75
vt 0.546875 0.7734375
vt 0.546875 0.75
vt 0.59375 0.75
vt 0.59375 0.7734375
vt 0.59375 0.75
vt 0.59375 0.7734375
vt 0.546875 0.7734375
vt 0.546875 0.75
vt 0.546875 0.6953125
vt 0.546875 0.6328125
vt 0.53125 0.6328125
vt 0.53125 0.6953125
vt 0.53125 0.6953125
vt 0.53125 0.6328125
vt 0.546875 0.6328125
vt 0.546875 0.6953125
vt 0.5078125 0.65625
vt 0.4921875 0.65625
vt 0.4921875 0.703125
vt 0.5078125 0.703125
vt 0.4765625 0.65625
vt 0.4765625 0.703125
vt 0.4921875 0.703125
vt 0.4921875 0.65625
vt 0.4921875 0.703125
vt 0.4921875 0.671875
vt 0.5078125 0.671875
vt 0.5078125 0.703125
vt 0.5234375 0.6875
vt 0.5078125 0.6875
vt 0.5078125 0.703125
vt 0.5234375 0.703125
vt 0.5078125 0.671875
vt 0.5078125 0.703125
vt 0.5234375 0.703125
vt 0.5234375 0.671875
vt 0.5078125 0.703125
vt 0.5078125 0.6875
vt 0.5234375 0.6875
vt 0.5234375 0.703125
vt 0.5234375 0.6875
vt 0.5078125 0.6875
vt 0.5078125 0.703125
vt 0.5234375 0.703125
vt 0.5078125 0.671875
vt 0.5078125 0.703125
vt 0.5234375 0.703125
vt 0.5234375 0.671875
vt 0.5078125 0.703125
vt 0.5078125 0.6875
vt 0.5234375 0.6875
vt 0.5234375 0.703125
vt 0.5390625 0.703125
vt 0.5390625 0.734375
vt 0.5078125 0.734375
vt 0.5078125 0.703125
vt 0.4609375 0.6328125
vt 0.4609375 0.6640625
vt 0.4765625 0.6640625
vt 0.4765625 0.6328125
vt 0.4765625 0.6328125
vt 0.4765625 0.6640625
vt 0.4609375 0.6640625
vt 0.4609375 0.6328125
vt 0.453125 0.703125
vt 0.5 0.703125
vt 0.5 0.75
vt 0.453125 0.75
vn 1 0 0
vn 0 1 0
vn 0 -1 0
vn 0 0 -1
vn 1 0 0
vn 0 1 0
vn 0 -1 0
vn 1 0 0
vn 0 1 0
vn 0 -1 0
vn 0 1 0
vn 0 -1 0
vn 0 0 -1
vn 0 0 1
vn 1 0 0
vn 0 1 0
vn 0 1 0
vn 0 0 -1
vn 0 0 1
vn 0 0 -1
vn 1 0 0
vn 0 0 1
vn 0 0 -1
vn 1 0 0
vn 0 0 1
vn 0 0 -1
vn 0 0 1
vn 0 -1 0
vn 0 0 -1
vn 1 0 0
vn 0 0 1
vn 0 0 -1
vn 0 0 1
vn 0 -1 0
vn 1 0 0
vn 0 1 0
vn 0 -1 0
vn -1 0 0
vn 0 1 0
vn 0 -1 0
vn 0 0 -1
vn -1 0 0
vn 0 1 0
vn 0 -1 0
vn -1 0 0
vn 0 1 0
vn 0 -1 0
vn -1 0 0
vn 0 1 0
vn 0 -1 0
vn 0 0 -1
vn 0 0 1
vn -1 0 0
vn 0 1 0
vn 0 0 -1
vn -1 0 0
vn 0 0 1
vn 0 0 -1
vn -1 0 0
vn 0 0 1
vn 0 0 -1
vn -1 0 0
vn 0 0 1
vn -1 0 0
vn 0 1 0
vn 0 -1 0
vn 1 0 0
usemtl m_fb4282bc-10f8-24fc-5e12-044afee62972
f 718/1669/423 714/1670/423 717/1671/423 719/1672/423
f 720/1673/424 718/1674/424 719/1675/424 721/1676/424
f 714/1677/425 715/1678/425 716/1679/425 717/1680/425
f 719/1681/426 717/1682/426 716/1683/426 721/1684/426
f 723/1685/427 726/1686/427 727/1687/427 724/1688/427
f 722/1689/428 723/1690/428 724/1691/428 725/1692/428
f 726/1693/429 728/1694/429 729/1695/429 727/1696/429
f 730/1697/430 731/1698/430 732/1699/430 733/1700/430
f 734/1701/431 730/1702/431 733/1703/431 735/1704/431
f 731/1705/432 736/1706/432 737/1707/432 732/1708/432
f 745/1709/433 738/1710/433 741/1711/433 744/1712/433
f 739/1713/434 742/1714/434 743/1715/434 740/1716/434
f 741/1717/435 740/1718/435 743/1719/435 744/1720/435
f 745/1721/436 742/1722/436 739/1723/436 738/1724/436
f 746/1725/437 747/1726/437 748/1727/437 749/1728/437
f 750/1729/438 746/1730/438 749/1731/438 751/1732/438
f 752/1733/439 753/1734/439 754/1735/439 755/1736/439
f 754/1737/440 756/1738/440 757/1739/440 755/1740/440
f 752/1741/441 758/1742/441 759/1743/441 753/1744/441
f 762/1745/442 760/1746/442 761/1747/442 763/1748/442
f 766/1749/443 764/1750/443 765/1751/443 767/1752/443
f 769/1753/444 768/1754/444 770/1755/444 771/1756/444
f 782/1757/445 780/1758/445 781/1759/445 783/1760/445
f 774/1761/446 772/1762/446 773/1763/446 775/1764/446
f 777/1765/447 776/1766/447 778/1767/447 779/1768/447
f 786/1769/448 784/1770/448 785/1771/448 787/1772/448
f 788/1773/449 790/1774/449 791/1775/449 789/1776/449
f 794/1777/450 793/1778/450 792/1779/450 795/1780/450
f 802/1781/451 800/1782/451 801/1783/451 803/1784/451
f 798/1785/452 796/1786/452 797/1787/452 799/1788/452
f 805/1789/453 804/1790/453 806/1791/453 807/1792/453
f 810/1793/454 808/1794/454 809/1795/454 811/1796/454
f 814/1797/455 812/1798/455 813/1799/455 815/1800/455
f 818/1801/456 816/1802/456 817/1803/456 819/1804/456
f 820/1805/457 821/1806/457 822/1807/457 823/1808/457
f 824/1809/458 820/1810/458 823/1811/458 825/1812/458
f 821/1813/459 826/1814/459 827/1815/459 822/1816/459
f 830/1817/460 829/1818/460 828/1819/460 831/1820/460
f 831/1821/461 828/1822/461 832/1823/461 833/1824/461
f 835/1825/462 834/1826/462 829/1827/462 830/1828/462
f 835/1829/463 830/1830/463 831/1831/463 833/1832/463
f 838/1833/464 837/1834/464 836/1835/464 839/1836/464
f 839/1837/465 836/1838/465 840/1839/465 841/1840/465
f 843/1841/466 842/1842/466 837/1843/466 838/1844/466
f 846/1845/467 845/1846/467 844/1847/467 847/1848/467
f 847/1849/468 844/1850/468 848/1851/468 849/1852/468
f 851/1853/469 850/1854/469 845/1855/469 846/1856/469
f 854/1857/470 853/1858/470 852/1859/470 855/1860/470
f 855/1861/471 852/1862/471 856/1863/471 857/1864/471
f 859/1865/472 858/1866/472 853/1867/472 854/1868/472
f 859/1869/473 854/1870/473 855/1871/473 857/1872/473
f 853/1873/474 858/1874/474 856/1875/474 852/1876/474
f 862/1877/475 861/1878/475 860/1879/475 863/1880/475
f 863/1881/476 860/1882/476 864/1883/476 865/1884/476
f 867/1885/477 866/1886/477 868/1887/477 869/1888/477
f 871/1889/478 870/1890/478 872/1891/478 873/1892/478
f 876/1893/479 874/1894/479 875/1895/479 877/1896/479
f 879/1897/480 878/1898/480 880/1899/480 881/1900/480
f 883/1901/481 882/1902/481 884/1903/481 885/1904/481
f 888/1905/482 886/1906/482 887/1907/482 889/1908/482
f 891/1909/483 890/1910/483 892/1911/483 893/1912/483
f 895/1913/484 894/1914/484 896/1915/484 897/1916/484
f 900/1917/485 898/1918/485 899/1919/485 901/1920/485
f 904/1921/486 903/1922/486 902/1923/486 905/1924/486
f 905/1925/487 902/1926/487 906/1927/487 907/1928/487
f 909/1929/488 908/1930/488 903/1931/488 904/1932/488
f 738/1933/489 739/1934/489 740/1935/489 741/1936/489
o chasis
v -1.25000125 0.9822325 0.0625
v 0 1.5 0.0625
v -0.5177675 0.24999875000000005 0.0625
v -1.25000125 2.0177675 0.0625
v 0.5177675 2.75000125 0.0625
v -0.5177675 2.75000125 0.0625
v 1.25000125 2.0177675 0.0625
v 1.25000125 0.9822325 0.0625
v 0.5177675 0.24999875000000005 0.0625
vt 0.843749765625 0.6527271875
vt 0.99999984375 0.7174483593750001
vt 0.99999984375 0.58800609375
vt 0.843749765625 0.6527275781249999
vt 1 0.7174483593750001
vt 1 0.588006875
vt 0.843749765625 0.6527271875
vt 0.99999984375 0.7174483593750001
vt 0.99999984375 0.58800609375
vt 0.843749765625 0.6527275781249999
vt 1 0.7174483593750001
vt 1 0.588006875
vt 0.843749765625 0.6527271875
vt 0.99999984375 0.7174483593750001
vt 0.99999984375 0.58800609375
vt 0.843749765625 0.6527275781249999
vt 1 0.7174483593750001
vt 1 0.588006875
vt 0.843749765625 0.6527271875
vt 0.99999984375 0.7174483593750001
vt 0.99999984375 0.58800609375
vt 0.843749765625 0.6527275781249999
vt 1 0.7174483593750001
vt 1 0.588006875
vn 0 0 1
vn 0 0 1
vn 0 0 1
vn 0 0 1
vn 0 0 1
vn 0 0 1
vn 0 0 1
vn 0 0 1
usemtl m_fb4282bc-10f8-24fc-5e12-044afee62972
f 911/1937/490 912/1938/490 918/1939/490
f 911/1940/491 918/1941/491 917/1942/491
f 911/1943/492 917/1944/492 916/1945/492
f 911/1946/493 916/1947/493 914/1948/493
f 911/1949/494 914/1950/494 915/1951/494
f 911/1952/495 915/1953/495 913/1954/495
f 911/1955/496 913/1956/496 910/1957/496
f 911/1958/497 910/1959/497 912/1960/497
o pipetop
v 0.1875 2.102835010654565 0.12734664507267135
v 0.1875 2.4362349892310213 -2.7282565231363183
v 0.1875 1.9166000214235441 0.1056031682089894
v 0.1875 2.25 -2.75
v -0.1875 2.102835010654565 0.12734664507267135
v -0.1875 2.4362349892310213 -2.7282565231363183
v -0.1875 1.9166000214235441 0.1056031682089894
v -0.1875 2.25 -2.75
vt 0.7265625 0.53125
vt 0.7265625 0.890625
vt 0.703125 0.890625
vt 0.703125 0.53125
vt 0.78125 0.890625
vt 0.7578125 0.890625
vt 0.7578125 0.53125
vt 0.78125 0.53125
vt 0.765625 0.890625
vt 0.71875 0.890625
vt 0.71875 0.53125
vt 0.765625 0.53125
vt 0.71875 0.53125
vt 0.71875 0.890625
vt 0.765625 0.890625
vt 0.765625 0.53125
vt 0.765625 0.5546875
vt 0.71875 0.5546875
vt 0.71875 0.53125
vt 0.765625 0.53125
vn 1 0 0
vn -1 0 0
vn 0 0.993253275898779 0.11596520993963684
vn 0 -0.993253275898779 -0.11596520993963684
vn 0 0.11596520993963684 -0.993253275898779
usemtl m_fb4282bc-10f8-24fc-5e12-044afee62972
f 920/1961/498 919/1962/498 921/1963/498 922/1964/498
f 925/1965/499 923/1966/499 924/1967/499 926/1968/499
f 923/1969/500 919/1970/500 920/1971/500 924/1972/500
f 922/1973/501 921/1974/501 925/1975/501 926/1976/501
f 924/1977/502 920/1978/502 922/1979/502 926/1980/502
o sproing
v 0.25 3.7696067811865475 -3.603553390593274
v 0.25 3.416053390593274 -3.9571067811865475
v 0.25 3.0625 -2.896446609406726
v 0.25 2.708946609406726 -3.25
v -0.25 3.7696067811865475 -3.603553390593274
v -0.25 3.416053390593274 -3.9571067811865475
v -0.25 3.0625 -2.896446609406726
v -0.25 2.708946609406726 -3.25
vt 0.5 0.2109375
vt 0.5 0.2734375
vt 0.375 0.2734375
vt 0.375 0.2109375
vt 0.375 0.2109375
vt 0.5 0.2109375
vt 0.5 0.2734375
vt 0.375 0.2734375
vt 0.375 0.2109375
vt 0.5 0.2109375
vt 0.5 0.2734375
vt 0.375 0.2734375
vt 0.5 0.2109375
vt 0.5 0.2734375
vt 0.375 0.2734375
vt 0.375 0.2109375
vn 1 0 0
vn -1 0 0
vn 0 0.7071067811865476 0.7071067811865475
vn 0 -0.7071067811865476 -0.7071067811865475
usemtl m_fb4282bc-10f8-24fc-5e12-044afee62972
f 928/1981/503 927/1982/503 929/1983/503 930/1984/503
f 933/1985/504 931/1986/504 932/1987/504 934/1988/504
f 929/1989/505 927/1990/505 931/1991/505 933/1992/505
f 932/1993/506 928/1994/506 930/1995/506 934/1996/506
o sproing
v 0.125 3.6274882419831984 -3.4644168448956627
v 0.125 3.1293908929373258 -3.5079947162694918
v 0.125 3.289759738836022 0.395837610209851
v 0.125 2.791662389790149 0.35225973883602174
v -0.125 3.6274882419831984 -3.4644168448956627
v -0.125 3.1293908929373258 -3.5079947162694918
v -0.125 3.289759738836022 0.395837610209851
v -0.125 2.791662389790149 0.35225973883602174
vt 0 0.03125
vt 0 0.0859375
vt 0.484375 0.0859375
vt 0.484375 0.03125
vt 0.484375 0.0859375
vt 0 0.0859375
vt 0 0.03125
vt 0.484375 0.03125
vt 0 -0.0625
vt 1 -0.0625
vt 1 0.9375
vt 0 0.9375
vt 0.515625 0.03125
vt 0.515625 0.0859375
vt 0.484375 0.0859375
vt 0.484375 0.03125
vt 0.484375 0.03125
vt 0 0.03125
vt 0 0
vt 0.484375 0
vt 1 1
vt 0 1
vt 0 0.5
vt 1 0.5
vn 1 0 0
vn -1 0 0
vn 0 0.08715574274765849 -0.9961946980917457
vn 0 -0.08715574274765849 0.9961946980917457
vn 0 0.9961946980917457 0.08715574274765849
vn 0 -0.9961946980917457 -0.08715574274765849
usemtl m_fb4282bc-10f8-24fc-5e12-044afee62972
f 936/1997/507 935/1998/507 937/1999/507 938/2000/507
f 941/2001/508 939/2002/508 940/2003/508 942/2004/508
usemtl none
f 939/2005/509 935/2006/509 936/2007/509 940/2008/509
usemtl m_fb4282bc-10f8-24fc-5e12-044afee62972
f 938/2009/510 937/2010/510 941/2011/510 942/2012/510
f 937/2013/511 935/2014/511 939/2015/511 941/2016/511
usemtl none
f 940/2017/512 936/2018/512 938/2019/512 942/2020/512
o mount
v 0.5 4 -3.5
v 0.5 4 -4.5
v 0.5 3 -3.5
v 0.5 3 -4.5
v -0.5 4 -3.5
v -0.5 4 -4.5
v -0.5 3 -3.5
v -0.5 3 -4.5
vt 1 1
vt 0 1
vt 0 0.5
vt 1 0.5
vt 1 0.5
vt 1 1
vt 0 1
vt 0 0.5
vt 0 0
vt 1 0
vt 1 1
vt 0 1
vt 1 0
vt 1 1
vt 0 1
vt 0 0
vt 1 0.5
vt 1 1
vt 0 1
vt 0 0.5
vt 1 1
vt 0 1
vt 0 0.5
vt 1 0.5
vn 1 0 0
vn -1 0 0
vn 0 1 0
vn 0 -1 0
vn 0 0 1
vn 0 0 -1
usemtl none
f 944/2021/513 943/2022/513 945/2023/513 946/2024/513
f 949/2025/514 947/2026/514 948/2027/514 950/2028/514
f 947/2029/515 943/2030/515 944/2031/515 948/2032/515
f 946/2033/516 945/2034/516 949/2035/516 950/2036/516
f 945/2037/517 943/2038/517 947/2039/517 949/2040/517
f 948/2041/518 944/2042/518 946/2043/518 950/2044/518
o mesh
v 0.1875 3.1875 0.625
v 0.1875 3.1875 -2.375
v 0.1875 2.625 0.625
v 0.1875 2.625 -2.375
v -0.1875 3.1875 0.625
v -0.1875 3.1875 -2.375
v -0.1875 2.625 0.625
v -0.1875 2.625 -2.375
vt 0 0.15625
vt 0.375 0.15625
vt 0.375 0.0859375
vt 0 0.0859375
vt 0.375 0.0859375
vt 0.375 0.15625
vt 0 0.15625
vt 0 0.0859375
vt 0.375 0.15625
vt 0.375 0.203125
vt 0 0.203125
vt 0 0.15625
vt 0.5625 0.015625
vt 0.5625 0.0859375
vt 0.515625 0.0859375
vt 0.515625 0.015625
vt 0.375 0.25
vt 0.375 0.203125
vt 0 0.203125
vt 0 0.25
vn 1 0 0
vn -1 0 0
vn 0 1 0
vn 0 0 1
vn 0 -1 0
usemtl m_fb4282bc-10f8-24fc-5e12-044afee62972
f 952/2045/519 951/2046/519 953/2047/519 954/2048/519
f 957/2049/520 955/2050/520 956/2051/520 958/2052/520
f 955/2053/521 951/2054/521 952/2055/521 956/2056/521
f 953/2057/522 951/2058/522 955/2059/522 957/2060/522
f 953/2061/523 957/2062/523 958/2063/523 954/2064/523
o mesh
v 0.284771875 3.1875 -2.375
v 0.284771875 3.1875 -3.375
v 0.284771875 2.1875 -2.375
v 0.284771875 2.1875 -3.375
v -0.284771875 3.1875 -2.375
v -0.284771875 3.1875 -3.375
v -0.284771875 2.1875 -2.375
v -0.284771875 2.1875 -3.375
vt 0.375 0.2109375
vt 0.5 0.2109375
vt 0.5 0.0859375
vt 0.375 0.0859375
vt 0.5 0.0859375
vt 0.5 0.2109375
vt 0.375 0.2109375
vt 0.375 0.0859375
vt 0.50389140625 0.0859375
vt 0.575084375 0.0859375
vt 0.575084375 0.2109375
vt 0.50389140625 0.2109375
vt 0.575084765625 0.2109375
vt 0.503891796875 0.2109375
vt 0.503891796875 0.0859375
vt 0.575084765625 0.0859375
vt 0.50389140625 0.0859375
vt 0.575084375 0.0859375
vt 0.575084375 0.2109375
vt 0.50389140625 0.2109375
vn 1 0 0
vn -1 0 0
vn 0 1 0
vn 0 0 -1
vn 0 0 1
usemtl m_fb4282bc-10f8-24fc-5e12-044afee62972
f 960/2065/524 959/2066/524 961/2067/524 962/2068/524
f 965/2069/525 963/2070/525 964/2071/525 966/2072/525
f 963/2073/526 959/2074/526 960/2075/526 964/2076/526
f 964/2077/527 960/2078/527 962/2079/527 966/2080/527
f 965/2081/528 961/2082/528 959/2083/528 963/2084/528